month,region,dealer_id,vehicle_model,promotion_flag,promotion_discount_pct,promotion_lift,list_price,effective_price,baseline_expected_demand,forecast_units,demand_units,production_units,beginning_inventory_units,sales_units,lost_sales_units,ending_inventory_units,forecast_error_units,forecast_error_pct,absolute_forecast_error_pct,inventory_to_sales_ratio,promotion_expected_lift_units,revenue,list_price_revenue_on_actual_sales,discount_revenue_concession
2025-01-01,Northeast,NE_D01,SUV,False,0.0,1.0,42000,42000.0,108.0,110,110,124,90,110,0,104,0,0.0,0.0,0.9454545454545454,0.0,4620000.0,4620000,0.0
2025-01-01,Northeast,NE_D01,Sedan,False,0.0,1.0,32000,32000.0,70.88,66,75,65,56,75,0,46,9,13.636363636363635,13.636363636363635,0.6133333333333333,0.0,2400000.0,2400000,0.0
2025-01-01,Northeast,NE_D01,EV,False,0.0,1.0,48000,48000.0,84.15,88,80,89,64,80,0,73,-8,-9.090909090909092,9.090909090909092,0.9125,0.0,3840000.0,3840000,0.0
2025-01-01,Northeast,NE_D01,Pickup,False,0.0,1.0,46000,46000.0,72.0,76,67,83,75,67,0,91,-9,-11.842105263157894,11.842105263157894,1.3582089552238805,0.0,3082000.0,3082000,0.0
2025-01-01,Northeast,NE_D02,SUV,False,0.0,1.0,42000,42000.0,108.0,95,91,101,90,91,0,100,-4,-4.2105263157894735,4.2105263157894735,1.098901098901099,0.0,3822000.0,3822000,0.0
2025-01-01,Northeast,NE_D02,Sedan,False,0.0,1.0,32000,32000.0,70.88,65,76,67,56,76,0,47,11,16.923076923076923,16.923076923076923,0.618421052631579,0.0,2432000.0,2432000,0.0
2025-01-01,Northeast,NE_D02,EV,False,0.0,1.0,48000,48000.0,84.15,85,84,80,64,84,0,60,-1,-1.1764705882352942,1.1764705882352942,0.7142857142857143,0.0,4032000.0,4032000,0.0
2025-01-01,Northeast,NE_D02,Pickup,False,0.0,1.0,46000,46000.0,72.0,71,73,62,75,73,0,64,2,2.8169014084507045,2.8169014084507045,0.8767123287671232,0.0,3358000.0,3358000,0.0
2025-01-01,South,SO_D01,SUV,False,0.0,1.0,42000,42000.0,113.4,113,106,115,90,106,0,99,-7,-6.1946902654867255,6.1946902654867255,0.9339622641509434,0.0,4452000.0,4452000,0.0
2025-01-01,South,SO_D01,Sedan,False,0.0,1.0,32000,32000.0,60.75,58,67,54,56,67,0,43,9,15.517241379310345,15.517241379310345,0.6417910447761194,0.0,2144000.0,2144000,0.0
2025-01-01,South,SO_D01,EV,False,0.0,1.0,48000,48000.0,65.03,68,70,72,64,70,0,66,2,2.941176470588235,2.941176470588235,0.9428571428571428,0.0,3360000.0,3360000,0.0
2025-01-01,South,SO_D01,Pickup,False,0.0,1.0,46000,46000.0,108.0,113,107,113,75,107,0,81,-6,-5.3097345132743365,5.3097345132743365,0.7570093457943925,0.0,4922000.0,4922000,0.0
2025-01-01,South,SO_D02,SUV,False,0.0,1.0,42000,42000.0,113.4,114,108,103,90,108,0,85,-6,-5.263157894736842,5.263157894736842,0.7870370370370371,0.0,4536000.0,4536000,0.0
2025-01-01,South,SO_D02,Sedan,False,0.0,1.0,32000,32000.0,60.75,65,59,65,56,59,0,62,-6,-9.230769230769232,9.230769230769232,1.0508474576271187,0.0,1888000.0,1888000,0.0
2025-01-01,South,SO_D02,EV,False,0.0,1.0,48000,48000.0,65.03,67,61,70,64,61,0,73,-6,-8.955223880597014,8.955223880597014,1.1967213114754098,0.0,2928000.0,2928000,0.0
2025-01-01,South,SO_D02,Pickup,False,0.0,1.0,46000,46000.0,108.0,102,108,102,75,108,0,69,6,5.88235294117647,5.88235294117647,0.6388888888888888,0.0,4968000.0,4968000,0.0
2025-01-01,Midwest,MW_D01,SUV,False,0.0,1.0,42000,42000.0,108.0,110,103,99,90,103,0,86,-7,-6.363636363636363,6.363636363636363,0.8349514563106796,0.0,4326000.0,4326000,0.0
2025-01-01,Midwest,MW_D01,Sedan,False,0.0,1.0,32000,32000.0,60.75,57,64,57,56,64,0,49,7,12.280701754385964,12.280701754385964,0.765625,0.0,2048000.0,2048000,0.0
2025-01-01,Midwest,MW_D01,EV,False,0.0,1.0,48000,48000.0,61.2,64,59,65,64,59,0,70,-5,-7.8125,7.8125,1.1864406779661016,0.0,2832000.0,2832000,0.0
2025-01-01,Midwest,MW_D01,Pickup,False,0.0,1.0,46000,46000.0,112.5,112,109,119,75,109,0,85,-3,-2.6785714285714284,2.6785714285714284,0.7798165137614679,0.0,5014000.0,5014000,0.0
2025-01-01,Midwest,MW_D02,SUV,False,0.0,1.0,42000,42000.0,108.0,107,121,113,90,121,0,82,14,13.084112149532709,13.084112149532709,0.6776859504132231,0.0,5082000.0,5082000,0.0
2025-01-01,Midwest,MW_D02,Sedan,False,0.0,1.0,32000,32000.0,60.75,58,57,52,56,57,0,51,-1,-1.7241379310344827,1.7241379310344827,0.8947368421052632,0.0,1824000.0,1824000,0.0
2025-01-01,Midwest,MW_D02,EV,False,0.0,1.0,48000,48000.0,61.2,66,54,61,64,54,0,71,-12,-18.181818181818183,18.181818181818183,1.3148148148148149,0.0,2592000.0,2592000,0.0
2025-01-01,Midwest,MW_D02,Pickup,False,0.0,1.0,46000,46000.0,112.5,111,116,116,75,116,0,75,5,4.504504504504505,4.504504504504505,0.646551724137931,0.0,5336000.0,5336000,0.0
2025-01-01,West,WE_D01,SUV,False,0.0,1.0,42000,42000.0,113.4,110,95,89,90,95,0,84,-15,-13.636363636363635,13.636363636363635,0.8842105263157894,0.0,3990000.0,3990000,0.0
2025-01-01,West,WE_D01,Sedan,False,0.0,1.0,32000,32000.0,64.12,63,65,67,56,65,0,58,2,3.1746031746031744,3.1746031746031744,0.8923076923076924,0.0,2080000.0,2080000,0.0
2025-01-01,West,WE_D01,EV,False,0.0,1.0,48000,48000.0,95.62,99,103,89,64,103,0,50,4,4.040404040404041,4.040404040404041,0.4854368932038835,0.0,4944000.0,4944000,0.0
2025-01-01,West,WE_D01,Pickup,False,0.0,1.0,46000,46000.0,81.0,83,81,78,75,81,0,72,-2,-2.4096385542168677,2.4096385542168677,0.8888888888888888,0.0,3726000.0,3726000,0.0
2025-01-01,West,WE_D02,SUV,False,0.0,1.0,42000,42000.0,113.4,116,113,130,90,113,0,107,-3,-2.586206896551724,2.586206896551724,0.9469026548672567,0.0,4746000.0,4746000,0.0
2025-01-01,West,WE_D02,Sedan,False,0.0,1.0,32000,32000.0,64.12,66,54,64,56,54,0,66,-12,-18.181818181818183,18.181818181818183,1.2222222222222223,0.0,1728000.0,1728000,0.0
2025-01-01,West,WE_D02,EV,False,0.0,1.0,48000,48000.0,95.62,108,100,103,64,100,0,67,-8,-7.4074074074074066,7.4074074074074066,0.67,0.0,4800000.0,4800000,0.0
2025-01-01,West,WE_D02,Pickup,False,0.0,1.0,46000,46000.0,81.0,79,84,80,75,84,0,71,5,6.329113924050633,6.329113924050633,0.8452380952380952,0.0,3864000.0,3864000,0.0
2025-02-01,Northeast,NE_D01,SUV,False,0.0,1.0,42000,42000.0,110.4,107,100,104,104,100,0,108,-7,-6.5420560747663545,6.5420560747663545,1.08,0.0,4200000.0,4200000,0.0
2025-02-01,Northeast,NE_D01,Sedan,False,0.0,1.0,32000,32000.0,72.45,69,84,63,46,84,0,25,15,21.73913043478261,21.73913043478261,0.2976190476190476,0.0,2688000.0,2688000,0.0
2025-02-01,Northeast,NE_D01,EV,False,0.0,1.0,48000,48000.0,86.02,89,78,89,73,78,0,84,-11,-12.359550561797752,12.359550561797752,1.0769230769230769,0.0,3744000.0,3744000,0.0
2025-02-01,Northeast,NE_D01,Pickup,True,9.01,1.0721,46000,41854.52,73.6,84,68,100,91,68,0,123,-16,-19.047619047619047,19.047619047619047,1.8088235294117647,5.306560000000004,2846107.36,3128000,281892.64000000013
2025-02-01,Northeast,NE_D02,SUV,True,8.7,1.0696,42000,38346.24,110.4,117,101,125,100,101,0,124,-16,-13.675213675213676,13.675213675213676,1.2277227722772277,7.683840000000012,3872970.2399999998,4242000,369029.76000000024
2025-02-01,Northeast,NE_D02,Sedan,False,0.0,1.0,32000,32000.0,72.45,69,73,71,47,73,0,45,4,5.797101449275362,5.797101449275362,0.6164383561643836,0.0,2336000.0,2336000,0.0
2025-02-01,Northeast,NE_D02,EV,False,0.0,1.0,48000,48000.0,86.02,82,88,82,60,88,0,54,6,7.317073170731707,7.317073170731707,0.6136363636363636,0.0,4224000.0,4224000,0.0
2025-02-01,Northeast,NE_D02,Pickup,False,0.0,1.0,46000,46000.0,73.6,76,76,81,64,76,0,69,0,0.0,0.0,0.9078947368421053,0.0,3496000.0,3496000,0.0
2025-02-01,South,SO_D01,SUV,False,0.0,1.0,42000,42000.0,115.92,121,113,126,99,113,0,112,-8,-6.6115702479338845,6.6115702479338845,0.9911504424778761,0.0,4746000.0,4746000,0.0
2025-02-01,South,SO_D01,Sedan,False,0.0,1.0,32000,32000.0,62.1,64,58,57,43,58,0,42,-6,-9.375,9.375,0.7241379310344828,0.0,1856000.0,1856000,0.0
2025-02-01,South,SO_D01,EV,False,0.0,1.0,48000,48000.0,66.47,64,71,66,66,71,0,61,7,10.9375,10.9375,0.8591549295774648,0.0,3408000.0,3408000,0.0
2025-02-01,South,SO_D01,Pickup,False,0.0,1.0,46000,46000.0,110.4,112,102,110,81,102,0,89,-10,-8.928571428571429,8.928571428571429,0.8725490196078431,0.0,4692000.0,4692000,0.0
2025-02-01,South,SO_D02,SUV,False,0.0,1.0,42000,42000.0,115.92,117,105,135,85,105,0,115,-12,-10.256410256410255,10.256410256410255,1.0952380952380953,0.0,4410000.0,4410000,0.0
2025-02-01,South,SO_D02,Sedan,True,10.35,1.0828,32000,28689.42,62.1,68,75,65,62,75,0,52,7,10.294117647058822,10.294117647058822,0.6933333333333334,5.14188,2151706.5,2400000,248293.5
2025-02-01,South,SO_D02,EV,True,10.68,1.0855,48000,42872.71,66.47,76,73,84,73,73,0,84,-3,-3.9473684210526314,3.9473684210526314,1.1506849315068493,5.683184999999994,3129707.83,3504000,374292.1699999999
2025-02-01,South,SO_D02,Pickup,False,0.0,1.0,46000,46000.0,110.4,112,115,97,69,115,0,51,3,2.6785714285714284,2.6785714285714284,0.4434782608695652,0.0,5290000.0,5290000,0.0
2025-02-01,Midwest,MW_D01,SUV,False,0.0,1.0,42000,42000.0,110.4,115,116,116,86,116,0,86,1,0.8695652173913043,0.8695652173913043,0.7413793103448276,0.0,4872000.0,4872000,0.0
2025-02-01,Midwest,MW_D01,Sedan,False,0.0,1.0,32000,32000.0,62.1,62,59,56,49,59,0,46,-3,-4.838709677419355,4.838709677419355,0.7796610169491526,0.0,1888000.0,1888000,0.0
2025-02-01,Midwest,MW_D01,EV,True,8.57,1.0686,48000,43885.63,62.56,68,64,61,70,64,0,67,-4,-5.88235294117647,5.88235294117647,1.046875,4.291615999999999,2808680.32,3072000,263319.68000000017
2025-02-01,Midwest,MW_D01,Pickup,False,0.0,1.0,46000,46000.0,115.0,119,121,126,85,121,0,90,2,1.680672268907563,1.680672268907563,0.743801652892562,0.0,5566000.0,5566000,0.0
2025-02-01,Midwest,MW_D02,SUV,False,0.0,1.0,42000,42000.0,110.4,101,105,89,82,105,0,66,4,3.9603960396039604,3.9603960396039604,0.6285714285714286,0.0,4410000.0,4410000,0.0
2025-02-01,Midwest,MW_D02,Sedan,False,0.0,1.0,32000,32000.0,62.1,61,64,59,51,64,0,46,3,4.918032786885246,4.918032786885246,0.71875,0.0,2048000.0,2048000,0.0
2025-02-01,Midwest,MW_D02,EV,True,10.46,1.0836,48000,42981.42,62.56,66,67,60,71,67,0,64,1,1.5151515151515151,1.5151515151515151,0.9552238805970149,5.230015999999994,2879755.1399999997,3216000,336244.86000000034
2025-02-01,Midwest,MW_D02,Pickup,False,0.0,1.0,46000,46000.0,115.0,111,104,113,75,104,0,84,-7,-6.306306306306306,6.306306306306306,0.8076923076923077,0.0,4784000.0,4784000,0.0
2025-02-01,West,WE_D01,SUV,False,0.0,1.0,42000,42000.0,115.92,114,125,115,84,125,0,74,11,9.649122807017543,9.649122807017543,0.592,0.0,5250000.0,5250000,0.0
2025-02-01,West,WE_D01,Sedan,False,0.0,1.0,32000,32000.0,65.55,71,59,54,58,59,0,53,-12,-16.901408450704224,16.901408450704224,0.8983050847457628,0.0,1888000.0,1888000,0.0
2025-02-01,West,WE_D01,EV,False,0.0,1.0,48000,48000.0,97.75,93,100,98,50,100,0,48,7,7.526881720430108,7.526881720430108,0.48,0.0,4800000.0,4800000,0.0
2025-02-01,West,WE_D01,Pickup,False,0.0,1.0,46000,46000.0,82.8,88,83,81,72,83,0,70,-5,-5.681818181818182,5.681818181818182,0.8433734939759037,0.0,3818000.0,3818000,0.0
2025-02-01,West,WE_D02,SUV,False,0.0,1.0,42000,42000.0,115.92,104,128,123,107,128,0,102,24,23.076923076923077,23.076923076923077,0.796875,0.0,5376000.0,5376000,0.0
2025-02-01,West,WE_D02,Sedan,True,10.57,1.0846,32000,28616.71,65.55,70,65,75,66,65,0,76,-5,-7.142857142857142,7.142857142857142,1.1692307692307693,5.54553,1860086.15,2080000,219913.8500000001
2025-02-01,West,WE_D02,EV,False,0.0,1.0,48000,48000.0,97.75,99,94,106,67,94,0,79,-5,-5.05050505050505,5.05050505050505,0.8404255319148937,0.0,4512000.0,4512000,0.0
2025-02-01,West,WE_D02,Pickup,False,0.0,1.0,46000,46000.0,82.8,86,82,64,71,82,0,53,-4,-4.651162790697675,4.651162790697675,0.6463414634146342,0.0,3772000.0,3772000,0.0
2025-03-01,Northeast,NE_D01,SUV,True,9.16,1.0733,42000,38151.42,120.0,134,131,155,108,131,0,132,-3,-2.2388059701492535,2.2388059701492535,1.0076335877862594,8.79599999999999,4997836.02,5502000,504163.98000000045
2025-03-01,Northeast,NE_D01,Sedan,False,0.0,1.0,32000,32000.0,78.75,82,84,81,25,84,0,22,2,2.4390243902439024,2.4390243902439024,0.2619047619047619,0.0,2688000.0,2688000,0.0
2025-03-01,Northeast,NE_D01,EV,True,7.86,1.0629,48000,44227.18,93.5,97,102,82,84,102,0,64,5,5.154639175257731,5.154639175257731,0.6274509803921569,5.881149999999996,4511172.36,4896000,384827.63999999966
2025-03-01,Northeast,NE_D01,Pickup,True,9.7,1.0776,46000,41538.49,80.0,84,86,85,123,86,0,122,2,2.380952380952381,2.380952380952381,1.4186046511627908,6.207999999999991,3572310.1399999997,3956000,383689.86000000034
2025-03-01,Northeast,NE_D02,SUV,True,9.39,1.0751,42000,38055.24,120.0,136,140,151,124,140,0,135,4,2.941176470588235,2.941176470588235,0.9642857142857143,9.011999999999993,5327733.6,5880000,552266.4000000004
2025-03-01,Northeast,NE_D02,Sedan,False,0.0,1.0,32000,32000.0,78.75,78,92,64,45,92,0,17,14,17.94871794871795,17.94871794871795,0.18478260869565216,0.0,2944000.0,2944000,0.0
2025-03-01,Northeast,NE_D02,EV,False,0.0,1.0,48000,48000.0,93.5,86,83,93,54,83,0,64,-3,-3.488372093023256,3.488372093023256,0.7710843373493976,0.0,3984000.0,3984000,0.0
2025-03-01,Northeast,NE_D02,Pickup,False,0.0,1.0,46000,46000.0,80.0,75,80,71,69,80,0,60,5,6.666666666666667,6.666666666666667,0.75,0.0,3680000.0,3680000,0.0
2025-03-01,South,SO_D01,SUV,False,0.0,1.0,42000,42000.0,126.0,119,134,110,112,134,0,88,15,12.605042016806722,12.605042016806722,0.6567164179104478,0.0,5628000.0,5628000,0.0
2025-03-01,South,SO_D01,Sedan,False,0.0,1.0,32000,32000.0,67.5,70,68,66,42,68,0,40,-2,-2.857142857142857,2.857142857142857,0.5882352941176471,0.0,2176000.0,2176000,0.0
2025-03-01,South,SO_D01,EV,False,0.0,1.0,48000,48000.0,72.25,73,81,66,61,81,0,46,8,10.95890410958904,10.95890410958904,0.5679012345679012,0.0,3888000.0,3888000,0.0
2025-03-01,South,SO_D01,Pickup,False,0.0,1.0,46000,46000.0,120.0,125,117,125,89,117,0,97,-8,-6.4,6.4,0.8290598290598291,0.0,5382000.0,5382000,0.0
2025-03-01,South,SO_D02,SUV,True,10.88,1.087,42000,37430.16,126.0,133,126,134,115,126,0,123,-7,-5.263157894736842,5.263157894736842,0.9761904761904762,10.961999999999996,4716200.16,5292000,575799.8399999999
2025-03-01,South,SO_D02,Sedan,False,0.0,1.0,32000,32000.0,67.5,68,72,74,52,72,0,54,4,5.88235294117647,5.88235294117647,0.75,0.0,2304000.0,2304000,0.0
2025-03-01,South,SO_D02,EV,True,10.07,1.0806,48000,43166.81,72.25,81,61,91,84,61,0,114,-20,-24.691358024691358,24.691358024691358,1.8688524590163935,5.8233500000000005,2633175.4099999997,2928000,294824.5900000003
2025-03-01,South,SO_D02,Pickup,False,0.0,1.0,46000,46000.0,120.0,118,115,112,51,115,0,48,-3,-2.5423728813559325,2.5423728813559325,0.41739130434782606,0.0,5290000.0,5290000,0.0
2025-03-01,Midwest,MW_D01,SUV,False,0.0,1.0,42000,42000.0,120.0,123,143,134,86,143,0,77,20,16.260162601626014,16.260162601626014,0.5384615384615384,0.0,6006000.0,6006000,0.0
2025-03-01,Midwest,MW_D01,Sedan,False,0.0,1.0,32000,32000.0,67.5,65,68,56,46,68,0,34,3,4.615384615384616,4.615384615384616,0.5,0.0,2176000.0,2176000,0.0
2025-03-01,Midwest,MW_D01,EV,True,8.7,1.0696,48000,43822.5,68.0,71,75,74,67,75,0,66,4,5.633802816901409,5.633802816901409,0.88,4.732800000000007,3286687.5,3600000,313312.5
2025-03-01,Midwest,MW_D01,Pickup,False,0.0,1.0,46000,46000.0,125.0,122,115,107,90,115,0,82,-7,-5.737704918032787,5.737704918032787,0.7130434782608696,0.0,5290000.0,5290000,0.0
2025-03-01,Midwest,MW_D02,SUV,False,0.0,1.0,42000,42000.0,120.0,111,120,103,66,120,0,49,9,8.108108108108109,8.108108108108109,0.4083333333333333,0.0,5040000.0,5040000,0.0
2025-03-01,Midwest,MW_D02,Sedan,False,0.0,1.0,32000,32000.0,67.5,69,67,72,46,67,0,51,-2,-2.898550724637681,2.898550724637681,0.7611940298507462,0.0,2144000.0,2144000,0.0
2025-03-01,Midwest,MW_D02,EV,False,0.0,1.0,48000,48000.0,68.0,66,78,60,64,78,0,46,12,18.181818181818183,18.181818181818183,0.5897435897435898,0.0,3744000.0,3744000,0.0
2025-03-01,Midwest,MW_D02,Pickup,False,0.0,1.0,46000,46000.0,125.0,125,115,129,84,115,0,98,-10,-8.0,8.0,0.8521739130434782,0.0,5290000.0,5290000,0.0
2025-03-01,West,WE_D01,SUV,False,0.0,1.0,42000,42000.0,126.0,130,98,109,74,98,0,85,-32,-24.615384615384617,24.615384615384617,0.8673469387755102,0.0,4116000.0,4116000,0.0
2025-03-01,West,WE_D01,Sedan,False,0.0,1.0,32000,32000.0,71.25,73,74,67,53,74,0,46,1,1.36986301369863,1.36986301369863,0.6216216216216216,0.0,2368000.0,2368000,0.0
2025-03-01,West,WE_D01,EV,False,0.0,1.0,48000,48000.0,106.25,110,119,114,48,119,0,43,9,8.181818181818182,8.181818181818182,0.36134453781512604,0.0,5712000.0,5712000,0.0
2025-03-01,West,WE_D01,Pickup,False,0.0,1.0,46000,46000.0,90.0,89,85,100,70,85,0,85,-4,-4.49438202247191,4.49438202247191,1.0,0.0,3910000.0,3910000,0.0
2025-03-01,West,WE_D02,SUV,False,0.0,1.0,42000,42000.0,126.0,123,108,107,102,108,0,101,-15,-12.195121951219512,12.195121951219512,0.9351851851851852,0.0,4536000.0,4536000,0.0
2025-03-01,West,WE_D02,Sedan,True,11.75,1.094,32000,28240.49,71.25,78,71,88,76,71,0,93,-7,-8.974358974358974,8.974358974358974,1.3098591549295775,6.697500000000006,2005074.79,2272000,266925.20999999996
2025-03-01,West,WE_D02,EV,False,0.0,1.0,48000,48000.0,106.25,95,110,96,79,110,0,65,15,15.789473684210526,15.789473684210526,0.5909090909090909,0.0,5280000.0,5280000,0.0
2025-03-01,West,WE_D02,Pickup,False,0.0,1.0,46000,46000.0,90.0,82,86,98,53,86,0,65,4,4.878048780487805,4.878048780487805,0.7558139534883721,0.0,3956000.0,3956000,0.0
2025-04-01,Northeast,NE_D01,SUV,True,8.28,1.0663,42000,38521.86,123.6,121,132,115,132,132,0,115,11,9.090909090909092,9.090909090909092,0.8712121212121212,8.194680000000004,5084885.5200000005,5544000,459114.4799999995
2025-04-01,Northeast,NE_D01,Sedan,False,0.0,1.0,32000,32000.0,81.11,76,66,71,22,66,0,27,-10,-13.157894736842104,13.157894736842104,0.4090909090909091,0.0,2112000.0,2112000,0.0
2025-04-01,Northeast,NE_D01,EV,False,0.0,1.0,48000,48000.0,96.31,99,92,100,64,92,0,72,-7,-7.07070707070707,7.07070707070707,0.782608695652174,0.0,4416000.0,4416000,0.0
2025-04-01,Northeast,NE_D01,Pickup,False,0.0,1.0,46000,46000.0,82.4,78,88,68,122,88,0,102,10,12.82051282051282,12.82051282051282,1.1590909090909092,0.0,4048000.0,4048000,0.0
2025-04-01,Northeast,NE_D02,SUV,False,0.0,1.0,42000,42000.0,123.6,121,121,120,135,121,0,134,0,0.0,0.0,1.1074380165289257,0.0,5082000.0,5082000,0.0
2025-04-01,Northeast,NE_D02,Sedan,False,0.0,1.0,32000,32000.0,81.11,87,74,85,17,74,0,28,-13,-14.942528735632186,14.942528735632186,0.3783783783783784,0.0,2368000.0,2368000,0.0
2025-04-01,Northeast,NE_D02,EV,False,0.0,1.0,48000,48000.0,96.31,94,104,104,64,104,0,64,10,10.638297872340425,10.638297872340425,0.6153846153846154,0.0,4992000.0,4992000,0.0
2025-04-01,Northeast,NE_D02,Pickup,False,0.0,1.0,46000,46000.0,82.4,86,89,87,60,89,0,58,3,3.488372093023256,3.488372093023256,0.651685393258427,0.0,4094000.0,4094000,0.0
2025-04-01,South,SO_D01,SUV,False,0.0,1.0,42000,42000.0,129.78,123,125,106,88,125,0,69,2,1.6260162601626018,1.6260162601626018,0.552,0.0,5250000.0,5250000,0.0
2025-04-01,South,SO_D01,Sedan,False,0.0,1.0,32000,32000.0,69.53,69,65,59,40,65,0,34,-4,-5.797101449275362,5.797101449275362,0.5230769230769231,0.0,2080000.0,2080000,0.0
2025-04-01,South,SO_D01,EV,False,0.0,1.0,48000,48000.0,74.42,70,82,62,46,82,0,26,12,17.142857142857142,17.142857142857142,0.3170731707317073,0.0,3936000.0,3936000,0.0
2025-04-01,South,SO_D01,Pickup,False,0.0,1.0,46000,46000.0,123.6,121,118,94,97,118,0,73,-3,-2.479338842975207,2.479338842975207,0.6186440677966102,0.0,5428000.0,5428000,0.0
2025-04-01,South,SO_D02,SUV,False,0.0,1.0,42000,42000.0,129.78,136,128,105,123,128,0,100,-8,-5.88235294117647,5.88235294117647,0.78125,0.0,5376000.0,5376000,0.0
2025-04-01,South,SO_D02,Sedan,False,0.0,1.0,32000,32000.0,69.53,62,80,74,54,80,0,48,18,29.03225806451613,29.03225806451613,0.6,0.0,2560000.0,2560000,0.0
2025-04-01,South,SO_D02,EV,True,10.68,1.0854,48000,42874.68,74.42,83,82,75,114,82,0,107,-1,-1.2048192771084338,1.2048192771084338,1.3048780487804879,6.355467999999994,3515723.7600000002,3936000,420276.23999999976
2025-04-01,South,SO_D02,Pickup,False,0.0,1.0,46000,46000.0,123.6,125,119,138,48,119,0,67,-6,-4.8,4.8,0.5630252100840336,0.0,5474000.0,5474000,0.0
2025-04-01,Midwest,MW_D01,SUV,False,0.0,1.0,42000,42000.0,123.6,119,104,108,77,104,0,81,-15,-12.605042016806722,12.605042016806722,0.7788461538461539,0.0,4368000.0,4368000,0.0
2025-04-01,Midwest,MW_D01,Sedan,False,0.0,1.0,32000,32000.0,69.53,63,70,59,34,70,0,23,7,11.11111111111111,11.11111111111111,0.32857142857142857,0.0,2240000.0,2240000,0.0
2025-04-01,Midwest,MW_D01,EV,False,0.0,1.0,48000,48000.0,70.04,70,70,57,66,70,0,53,0,0.0,0.0,0.7571428571428571,0.0,3360000.0,3360000,0.0
2025-04-01,Midwest,MW_D01,Pickup,False,0.0,1.0,46000,46000.0,128.75,125,122,138,82,122,0,98,-3,-2.4,2.4,0.8032786885245902,0.0,5612000.0,5612000,0.0
2025-04-01,Midwest,MW_D02,SUV,False,0.0,1.0,42000,42000.0,123.6,125,133,118,49,133,0,34,8,6.4,6.4,0.2556390977443609,0.0,5586000.0,5586000,0.0
2025-04-01,Midwest,MW_D02,Sedan,False,0.0,1.0,32000,32000.0,69.53,70,62,80,51,62,0,69,-8,-11.428571428571429,11.428571428571429,1.1129032258064515,0.0,1984000.0,1984000,0.0
2025-04-01,Midwest,MW_D02,EV,False,0.0,1.0,48000,48000.0,70.04,77,61,70,46,61,0,55,-16,-20.77922077922078,20.77922077922078,0.9016393442622951,0.0,2928000.0,2928000,0.0
2025-04-01,Midwest,MW_D02,Pickup,False,0.0,1.0,46000,46000.0,128.75,127,121,141,98,121,0,118,-6,-4.724409448818897,4.724409448818897,0.9752066115702479,0.0,5566000.0,5566000,0.0
2025-04-01,West,WE_D01,SUV,False,0.0,1.0,42000,42000.0,129.78,122,129,137,85,129,0,93,7,5.737704918032787,5.737704918032787,0.7209302325581395,0.0,5418000.0,5418000,0.0
2025-04-01,West,WE_D01,Sedan,False,0.0,1.0,32000,32000.0,73.39,74,64,62,46,64,0,44,-10,-13.513513513513514,13.513513513513514,0.6875,0.0,2048000.0,2048000,0.0
2025-04-01,West,WE_D01,EV,False,0.0,1.0,48000,48000.0,109.44,111,99,114,43,99,0,58,-12,-10.81081081081081,10.81081081081081,0.5858585858585859,0.0,4752000.0,4752000,0.0
2025-04-01,West,WE_D01,Pickup,False,0.0,1.0,46000,46000.0,92.7,100,86,88,85,86,0,87,-14,-14.000000000000002,14.000000000000002,1.0116279069767442,0.0,3956000.0,3956000,0.0
2025-04-01,West,WE_D02,SUV,False,0.0,1.0,42000,42000.0,129.78,136,129,118,101,129,0,90,-7,-5.147058823529411,5.147058823529411,0.6976744186046512,0.0,5418000.0,5418000,0.0
2025-04-01,West,WE_D02,Sedan,True,11.06,1.0885,32000,28461.78,73.39,82,75,81,93,75,0,99,-7,-8.536585365853659,8.536585365853659,1.32,6.495015000000001,2134633.5,2400000,265366.5
2025-04-01,West,WE_D02,EV,False,0.0,1.0,48000,48000.0,109.44,119,117,126,65,117,0,74,-2,-1.680672268907563,1.680672268907563,0.6324786324786325,0.0,5616000.0,5616000,0.0
2025-04-01,West,WE_D02,Pickup,False,0.0,1.0,46000,46000.0,92.7,86,76,96,65,76,0,85,-10,-11.627906976744185,11.627906976744185,1.118421052631579,0.0,3496000.0,3496000,0.0
2025-05-01,Northeast,NE_D01,SUV,False,0.0,1.0,42000,42000.0,126.0,121,129,115,115,129,0,101,8,6.6115702479338845,6.6115702479338845,0.7829457364341085,0.0,5418000.0,5418000,0.0
2025-05-01,Northeast,NE_D01,Sedan,False,0.0,1.0,32000,32000.0,82.69,78,78,84,27,78,0,33,0,0.0,0.0,0.4230769230769231,0.0,2496000.0,2496000,0.0
2025-05-01,Northeast,NE_D01,EV,False,0.0,1.0,48000,48000.0,98.18,96,101,99,72,101,0,70,5,5.208333333333334,5.208333333333334,0.693069306930693,0.0,4848000.0,4848000,0.0
2025-05-01,Northeast,NE_D01,Pickup,False,0.0,1.0,46000,46000.0,84.0,77,97,75,102,97,0,80,20,25.97402597402597,25.97402597402597,0.8247422680412371,0.0,4462000.0,4462000,0.0
2025-05-01,Northeast,NE_D02,SUV,False,0.0,1.0,42000,42000.0,126.0,131,124,116,134,124,0,126,-7,-5.343511450381679,5.343511450381679,1.0161290322580645,0.0,5208000.0,5208000,0.0
2025-05-01,Northeast,NE_D02,Sedan,False,0.0,1.0,32000,32000.0,82.69,82,83,81,28,83,0,26,1,1.2195121951219512,1.2195121951219512,0.3132530120481928,0.0,2656000.0,2656000,0.0
2025-05-01,Northeast,NE_D02,EV,False,0.0,1.0,48000,48000.0,98.18,90,104,119,64,104,0,79,14,15.555555555555555,15.555555555555555,0.7596153846153846,0.0,4992000.0,4992000,0.0
2025-05-01,Northeast,NE_D02,Pickup,False,0.0,1.0,46000,46000.0,84.0,79,74,70,58,74,0,54,-5,-6.329113924050633,6.329113924050633,0.7297297297297297,0.0,3404000.0,3404000,0.0
2025-05-01,South,SO_D01,SUV,False,0.0,1.0,42000,42000.0,132.3,135,138,130,69,138,0,61,3,2.2222222222222223,2.2222222222222223,0.4420289855072464,0.0,5796000.0,5796000,0.0
2025-05-01,South,SO_D01,Sedan,False,0.0,1.0,32000,32000.0,70.88,74,75,66,34,75,0,25,1,1.3513513513513513,1.3513513513513513,0.3333333333333333,0.0,2400000.0,2400000,0.0
2025-05-01,South,SO_D01,EV,False,0.0,1.0,48000,48000.0,75.86,85,74,95,26,74,0,47,-11,-12.941176470588237,12.941176470588237,0.6351351351351351,0.0,3552000.0,3552000,0.0
2025-05-01,South,SO_D01,Pickup,False,0.0,1.0,46000,46000.0,126.0,148,132,171,73,132,0,112,-16,-10.81081081081081,10.81081081081081,0.8484848484848485,0.0,6072000.0,6072000,0.0
2025-05-01,South,SO_D02,SUV,False,0.0,1.0,42000,42000.0,132.3,136,133,151,100,133,0,118,-3,-2.2058823529411766,2.2058823529411766,0.8872180451127819,0.0,5586000.0,5586000,0.0
2025-05-01,South,SO_D02,Sedan,False,0.0,1.0,32000,32000.0,70.88,67,66,79,48,66,0,61,-1,-1.4925373134328357,1.4925373134328357,0.9242424242424242,0.0,2112000.0,2112000,0.0
2025-05-01,South,SO_D02,EV,True,9.41,1.0753,48000,43483.73,75.86,71,72,69,107,72,0,104,1,1.4084507042253522,1.4084507042253522,1.4444444444444444,5.712257999999994,3130828.56,3456000,325171.43999999994
2025-05-01,South,SO_D02,Pickup,False,0.0,1.0,46000,46000.0,126.0,128,135,147,67,135,0,79,7,5.46875,5.46875,0.5851851851851851,0.0,6210000.0,6210000,0.0
2025-05-01,Midwest,MW_D01,SUV,False,0.0,1.0,42000,42000.0,126.0,120,143,108,81,143,0,46,23,19.166666666666668,19.166666666666668,0.32167832167832167,0.0,6006000.0,6006000,0.0
2025-05-01,Midwest,MW_D01,Sedan,False,0.0,1.0,32000,32000.0,70.88,69,66,78,23,66,0,35,-3,-4.3478260869565215,4.3478260869565215,0.5303030303030303,0.0,2112000.0,2112000,0.0
2025-05-01,Midwest,MW_D01,EV,False,0.0,1.0,48000,48000.0,71.4,69,73,78,53,73,0,58,4,5.797101449275362,5.797101449275362,0.7945205479452054,0.0,3504000.0,3504000,0.0
2025-05-01,Midwest,MW_D01,Pickup,False,0.0,1.0,46000,46000.0,131.25,130,118,119,98,118,0,99,-12,-9.230769230769232,9.230769230769232,0.8389830508474576,0.0,5428000.0,5428000,0.0
2025-05-01,Midwest,MW_D02,SUV,False,0.0,1.0,42000,42000.0,126.0,134,120,144,34,120,0,58,-14,-10.44776119402985,10.44776119402985,0.48333333333333334,0.0,5040000.0,5040000,0.0
2025-05-01,Midwest,MW_D02,Sedan,True,5.33,1.0426,32000,30294.92,70.88,75,70,65,69,70,0,64,-5,-6.666666666666667,6.666666666666667,0.9142857142857143,3.0194879999999977,2120644.4,2240000,119355.6000000001
2025-05-01,Midwest,MW_D02,EV,False,0.0,1.0,48000,48000.0,71.4,71,64,60,55,64,0,51,-7,-9.859154929577464,9.859154929577464,0.796875,0.0,3072000.0,3072000,0.0
2025-05-01,Midwest,MW_D02,Pickup,False,0.0,1.0,46000,46000.0,131.25,123,130,103,118,130,0,91,7,5.691056910569105,5.691056910569105,0.7,0.0,5980000.0,5980000,0.0
2025-05-01,West,WE_D01,SUV,False,0.0,1.0,42000,42000.0,132.3,119,142,103,93,142,0,54,23,19.327731092436977,19.327731092436977,0.38028169014084506,0.0,5964000.0,5964000,0.0
2025-05-01,West,WE_D01,Sedan,False,0.0,1.0,32000,32000.0,74.81,73,78,63,44,78,0,29,5,6.8493150684931505,6.8493150684931505,0.3717948717948718,0.0,2496000.0,2496000,0.0
2025-05-01,West,WE_D01,EV,False,0.0,1.0,48000,48000.0,111.56,111,106,107,58,106,0,59,-5,-4.504504504504505,4.504504504504505,0.5566037735849056,0.0,5088000.0,5088000,0.0
2025-05-01,West,WE_D01,Pickup,True,5.38,1.0431,46000,43523.26,94.5,109,109,126,87,109,0,104,0,0.0,0.0,0.9541284403669725,4.072949999999992,4744035.34,5014000,269964.66000000015
2025-05-01,West,WE_D02,SUV,False,0.0,1.0,42000,42000.0,132.3,133,134,127,90,134,0,83,1,0.7518796992481203,0.7518796992481203,0.6194029850746269,0.0,5628000.0,5628000,0.0
2025-05-01,West,WE_D02,Sedan,True,5.84,1.0467,32000,30131.47,74.81,83,89,74,99,89,0,84,6,7.228915662650602,7.228915662650602,0.9438202247191011,3.4936269999999974,2681700.83,2848000,166299.16999999993
2025-05-01,West,WE_D02,EV,False,0.0,1.0,48000,48000.0,111.56,108,99,113,74,99,0,88,-9,-8.333333333333332,8.333333333333332,0.8888888888888888,0.0,4752000.0,4752000,0.0
2025-05-01,West,WE_D02,Pickup,True,9.92,1.0793,46000,41438.56,94.5,95,126,91,85,126,0,50,31,32.631578947368425,32.631578947368425,0.3968253968253968,7.493849999999993,5221258.56,5796000,574741.4400000004
2025-06-01,Northeast,NE_D01,SUV,False,0.0,1.0,42000,42000.0,129.6,122,127,120,101,127,0,94,5,4.098360655737705,4.098360655737705,0.7401574803149606,0.0,5334000.0,5334000,0.0
2025-06-01,Northeast,NE_D01,Sedan,False,0.0,1.0,32000,32000.0,85.05,81,76,82,33,76,0,39,-5,-6.172839506172839,6.172839506172839,0.5131578947368421,0.0,2432000.0,2432000,0.0
2025-06-01,Northeast,NE_D01,EV,False,0.0,1.0,48000,48000.0,100.98,114,92,116,70,92,0,94,-22,-19.298245614035086,19.298245614035086,1.0217391304347827,0.0,4416000.0,4416000,0.0
2025-06-01,Northeast,NE_D01,Pickup,False,0.0,1.0,46000,46000.0,86.4,82,92,75,80,92,0,63,10,12.195121951219512,12.195121951219512,0.6847826086956522,0.0,4232000.0,4232000,0.0
2025-06-01,Northeast,NE_D02,SUV,True,5.31,1.0425,42000,39770.42,129.6,142,144,135,126,144,0,117,2,1.4084507042253522,1.4084507042253522,0.8125,5.507999999999997,5726940.4799999995,6048000,321059.5200000005
2025-06-01,Northeast,NE_D02,Sedan,False,0.0,1.0,32000,32000.0,85.05,80,90,86,26,90,0,22,10,12.5,12.5,0.24444444444444444,0.0,2880000.0,2880000,0.0
2025-06-01,Northeast,NE_D02,EV,False,0.0,1.0,48000,48000.0,100.98,107,105,101,79,105,0,75,-2,-1.8691588785046727,1.8691588785046727,0.7142857142857143,0.0,5040000.0,5040000,0.0
2025-06-01,Northeast,NE_D02,Pickup,False,0.0,1.0,46000,46000.0,86.4,88,78,84,54,78,0,60,-10,-11.363636363636363,11.363636363636363,0.7692307692307693,0.0,3588000.0,3588000,0.0
2025-06-01,South,SO_D01,SUV,False,0.0,1.0,42000,42000.0,136.08,135,134,136,61,134,0,63,-1,-0.7407407407407408,0.7407407407407408,0.4701492537313433,0.0,5628000.0,5628000,0.0
2025-06-01,South,SO_D01,Sedan,False,0.0,1.0,32000,32000.0,72.9,73,59,74,25,59,0,40,-14,-19.17808219178082,19.17808219178082,0.6779661016949152,0.0,1888000.0,1888000,0.0
2025-06-01,South,SO_D01,EV,False,0.0,1.0,48000,48000.0,78.03,75,72,71,47,72,0,46,-3,-4.0,4.0,0.6388888888888888,0.0,3456000.0,3456000,0.0
2025-06-01,South,SO_D01,Pickup,False,0.0,1.0,46000,46000.0,129.6,133,136,138,112,136,0,114,3,2.2556390977443606,2.2556390977443606,0.8382352941176471,0.0,6256000.0,6256000,0.0
2025-06-01,South,SO_D02,SUV,False,0.0,1.0,42000,42000.0,136.08,132,115,129,118,115,0,132,-17,-12.878787878787879,12.878787878787879,1.1478260869565218,0.0,4830000.0,4830000,0.0
2025-06-01,South,SO_D02,Sedan,False,0.0,1.0,32000,32000.0,72.9,68,86,58,61,86,0,33,18,26.47058823529412,26.47058823529412,0.38372093023255816,0.0,2752000.0,2752000,0.0
2025-06-01,South,SO_D02,EV,False,0.0,1.0,48000,48000.0,78.03,72,86,75,104,86,0,93,14,19.444444444444446,19.444444444444446,1.0813953488372092,0.0,4128000.0,4128000,0.0
2025-06-01,South,SO_D02,Pickup,False,0.0,1.0,46000,46000.0,129.6,131,117,117,79,117,0,79,-14,-10.687022900763358,10.687022900763358,0.6752136752136753,0.0,5382000.0,5382000,0.0
2025-06-01,Midwest,MW_D01,SUV,False,0.0,1.0,42000,42000.0,129.6,142,136,182,46,136,0,92,-6,-4.225352112676056,4.225352112676056,0.6764705882352942,0.0,5712000.0,5712000,0.0
2025-06-01,Midwest,MW_D01,Sedan,False,0.0,1.0,32000,32000.0,72.9,74,76,75,35,76,0,34,2,2.7027027027027026,2.7027027027027026,0.4473684210526316,0.0,2432000.0,2432000,0.0
2025-06-01,Midwest,MW_D01,EV,False,0.0,1.0,48000,48000.0,73.44,73,72,69,58,72,0,55,-1,-1.36986301369863,1.36986301369863,0.7638888888888888,0.0,3456000.0,3456000,0.0
2025-06-01,Midwest,MW_D01,Pickup,False,0.0,1.0,46000,46000.0,135.0,137,141,146,99,141,0,104,4,2.9197080291970803,2.9197080291970803,0.7375886524822695,0.0,6486000.0,6486000,0.0
2025-06-01,Midwest,MW_D02,SUV,False,0.0,1.0,42000,42000.0,129.6,140,126,157,58,126,0,89,-14,-10.0,10.0,0.7063492063492064,0.0,5292000.0,5292000,0.0
2025-06-01,Midwest,MW_D02,Sedan,False,0.0,1.0,32000,32000.0,72.9,74,72,84,64,72,0,76,-2,-2.7027027027027026,2.7027027027027026,1.0555555555555556,0.0,2304000.0,2304000,0.0
2025-06-01,Midwest,MW_D02,EV,False,0.0,1.0,48000,48000.0,73.44,72,76,73,51,76,0,48,4,5.555555555555555,5.555555555555555,0.631578947368421,0.0,3648000.0,3648000,0.0
2025-06-01,Midwest,MW_D02,Pickup,False,0.0,1.0,46000,46000.0,135.0,144,140,156,91,140,0,107,-4,-2.7777777777777777,2.7777777777777777,0.7642857142857142,0.0,6440000.0,6440000,0.0
2025-06-01,West,WE_D01,SUV,False,0.0,1.0,42000,42000.0,136.08,140,139,147,54,139,0,62,-1,-0.7142857142857143,0.7142857142857143,0.4460431654676259,0.0,5838000.0,5838000,0.0
2025-06-01,West,WE_D01,Sedan,False,0.0,1.0,32000,32000.0,76.95,84,79,83,29,79,0,33,-5,-5.952380952380952,5.952380952380952,0.4177215189873418,0.0,2528000.0,2528000,0.0
2025-06-01,West,WE_D01,EV,False,0.0,1.0,48000,48000.0,114.75,116,123,96,59,123,0,32,7,6.0344827586206895,6.0344827586206895,0.2601626016260163,0.0,5904000.0,5904000,0.0
2025-06-01,West,WE_D01,Pickup,False,0.0,1.0,46000,46000.0,97.2,90,103,88,104,103,0,89,13,14.444444444444443,14.444444444444443,0.8640776699029126,0.0,4738000.0,4738000,0.0
2025-06-01,West,WE_D02,SUV,False,0.0,1.0,42000,42000.0,136.08,125,123,90,83,123,0,50,-2,-1.6,1.6,0.4065040650406504,0.0,5166000.0,5166000,0.0
2025-06-01,West,WE_D02,Sedan,False,0.0,1.0,32000,32000.0,76.95,85,72,76,84,72,0,88,-13,-15.294117647058824,15.294117647058824,1.2222222222222223,0.0,2304000.0,2304000,0.0
2025-06-01,West,WE_D02,EV,False,0.0,1.0,48000,48000.0,114.75,127,128,142,88,128,0,102,1,0.7874015748031495,0.7874015748031495,0.796875,0.0,6144000.0,6144000,0.0
2025-06-01,West,WE_D02,Pickup,False,0.0,1.0,46000,46000.0,97.2,96,109,96,50,109,0,37,13,13.541666666666666,13.541666666666666,0.3394495412844037,0.0,5014000.0,5014000,0.0
2025-07-01,Northeast,NE_D01,SUV,False,0.0,1.0,42000,42000.0,126.0,123,132,120,94,132,0,82,9,7.317073170731707,7.317073170731707,0.6212121212121212,0.0,5544000.0,5544000,0.0
2025-07-01,Northeast,NE_D01,Sedan,False,0.0,1.0,32000,32000.0,82.69,90,81,80,39,81,0,38,-9,-10.0,10.0,0.4691358024691358,0.0,2592000.0,2592000,0.0
2025-07-01,Northeast,NE_D01,EV,True,9.9,1.0792,48000,43247.31,98.18,99,113,88,94,113,0,69,14,14.14141414141414,14.14141414141414,0.6106194690265486,7.775855999999995,4886946.029999999,5424000,537053.9700000007
2025-07-01,Northeast,NE_D01,Pickup,False,0.0,1.0,46000,46000.0,84.0,79,89,72,63,89,0,46,10,12.658227848101266,12.658227848101266,0.5168539325842697,0.0,4094000.0,4094000,0.0
2025-07-01,Northeast,NE_D02,SUV,False,0.0,1.0,42000,42000.0,126.0,131,110,110,117,110,0,117,-21,-16.030534351145036,16.030534351145036,1.0636363636363637,0.0,4620000.0,4620000,0.0
2025-07-01,Northeast,NE_D02,Sedan,False,0.0,1.0,32000,32000.0,82.69,81,83,61,22,83,0,0,2,2.4691358024691357,2.4691358024691357,0.0,0.0,2656000.0,2656000,0.0
2025-07-01,Northeast,NE_D02,EV,False,0.0,1.0,48000,48000.0,98.18,98,87,106,75,87,0,94,-11,-11.224489795918368,11.224489795918368,1.0804597701149425,0.0,4176000.0,4176000,0.0
2025-07-01,Northeast,NE_D02,Pickup,False,0.0,1.0,46000,46000.0,84.0,83,81,95,60,81,0,74,-2,-2.4096385542168677,2.4096385542168677,0.9135802469135802,0.0,3726000.0,3726000,0.0
2025-07-01,South,SO_D01,SUV,False,0.0,1.0,42000,42000.0,132.3,135,133,124,63,133,0,54,-2,-1.4814814814814816,1.4814814814814816,0.40601503759398494,0.0,5586000.0,5586000,0.0
2025-07-01,South,SO_D01,Sedan,False,0.0,1.0,32000,32000.0,70.88,77,81,81,40,81,0,40,4,5.194805194805195,5.194805194805195,0.49382716049382713,0.0,2592000.0,2592000,0.0
2025-07-01,South,SO_D01,EV,False,0.0,1.0,48000,48000.0,75.86,76,63,65,46,63,0,48,-13,-17.105263157894736,17.105263157894736,0.7619047619047619,0.0,3024000.0,3024000,0.0
2025-07-01,South,SO_D01,Pickup,False,0.0,1.0,46000,46000.0,126.0,131,122,133,114,122,0,125,-9,-6.870229007633588,6.870229007633588,1.0245901639344261,0.0,5612000.0,5612000,0.0
2025-07-01,South,SO_D02,SUV,True,7.94,1.0635,42000,38665.57,132.3,123,148,103,132,148,0,87,25,20.32520325203252,20.32520325203252,0.5878378378378378,8.401049999999985,5722504.36,6216000,493495.63999999966
2025-07-01,South,SO_D02,Sedan,False,0.0,1.0,32000,32000.0,70.88,71,75,76,33,75,0,34,4,5.633802816901409,5.633802816901409,0.4533333333333333,0.0,2400000.0,2400000,0.0
2025-07-01,South,SO_D02,EV,False,0.0,1.0,48000,48000.0,75.86,72,81,71,93,81,0,83,9,12.5,12.5,1.0246913580246915,0.0,3888000.0,3888000,0.0
2025-07-01,South,SO_D02,Pickup,False,0.0,1.0,46000,46000.0,126.0,117,116,100,79,116,0,63,-1,-0.8547008547008548,0.8547008547008548,0.5431034482758621,0.0,5336000.0,5336000,0.0
2025-07-01,Midwest,MW_D01,SUV,False,0.0,1.0,42000,42000.0,126.0,119,125,123,92,125,0,90,6,5.042016806722689,5.042016806722689,0.72,0.0,5250000.0,5250000,0.0
2025-07-01,Midwest,MW_D01,Sedan,False,0.0,1.0,32000,32000.0,70.88,69,68,79,34,68,0,45,-1,-1.4492753623188406,1.4492753623188406,0.6617647058823529,0.0,2176000.0,2176000,0.0
2025-07-01,Midwest,MW_D01,EV,False,0.0,1.0,48000,48000.0,71.4,75,79,73,55,79,0,49,4,5.333333333333334,5.333333333333334,0.620253164556962,0.0,3792000.0,3792000,0.0
2025-07-01,Midwest,MW_D01,Pickup,False,0.0,1.0,46000,46000.0,131.25,121,130,118,104,130,0,92,9,7.43801652892562,7.43801652892562,0.7076923076923077,0.0,5980000.0,5980000,0.0
2025-07-01,Midwest,MW_D02,SUV,False,0.0,1.0,42000,42000.0,126.0,126,126,123,89,126,0,86,0,0.0,0.0,0.6825396825396826,0.0,5292000.0,5292000,0.0
2025-07-01,Midwest,MW_D02,Sedan,True,7.59,1.0607,32000,29572.61,70.88,73,76,72,76,76,0,72,3,4.10958904109589,4.10958904109589,0.9473684210526315,4.302415999999998,2247518.36,2432000,184481.64000000013
2025-07-01,Midwest,MW_D02,EV,False,0.0,1.0,48000,48000.0,71.4,70,64,77,48,64,0,61,-6,-8.571428571428571,8.571428571428571,0.953125,0.0,3072000.0,3072000,0.0
2025-07-01,Midwest,MW_D02,Pickup,False,0.0,1.0,46000,46000.0,131.25,139,137,154,107,137,0,124,-2,-1.4388489208633095,1.4388489208633095,0.9051094890510949,0.0,6302000.0,6302000,0.0
2025-07-01,West,WE_D01,SUV,False,0.0,1.0,42000,42000.0,132.3,137,121,105,62,121,0,46,-16,-11.678832116788321,11.678832116788321,0.38016528925619836,0.0,5082000.0,5082000,0.0
2025-07-01,West,WE_D01,Sedan,False,0.0,1.0,32000,32000.0,74.81,81,76,89,33,76,0,46,-5,-6.172839506172839,6.172839506172839,0.6052631578947368,0.0,2432000.0,2432000,0.0
2025-07-01,West,WE_D01,EV,False,0.0,1.0,48000,48000.0,111.56,111,105,106,32,105,0,33,-6,-5.405405405405405,5.405405405405405,0.3142857142857143,0.0,5040000.0,5040000,0.0
2025-07-01,West,WE_D01,Pickup,False,0.0,1.0,46000,46000.0,94.5,91,104,104,89,104,0,89,13,14.285714285714285,14.285714285714285,0.8557692307692307,0.0,4784000.0,4784000,0.0
2025-07-01,West,WE_D02,SUV,False,0.0,1.0,42000,42000.0,132.3,131,133,134,50,133,0,51,2,1.5267175572519083,1.5267175572519083,0.38345864661654133,0.0,5586000.0,5586000,0.0
2025-07-01,West,WE_D02,Sedan,True,6.08,1.0486,32000,30055.21,74.81,80,91,86,88,91,0,83,11,13.750000000000002,13.750000000000002,0.9120879120879121,3.6357659999999985,2735024.11,2912000,176975.89000000013
2025-07-01,West,WE_D02,EV,False,0.0,1.0,48000,48000.0,111.56,113,92,105,102,92,0,115,-21,-18.58407079646018,18.58407079646018,1.25,0.0,4416000.0,4416000,0.0
2025-07-01,West,WE_D02,Pickup,False,0.0,1.0,46000,46000.0,94.5,88,105,74,37,105,0,6,17,19.318181818181817,19.318181818181817,0.05714285714285714,0.0,4830000.0,4830000,0.0
2025-08-01,Northeast,NE_D01,SUV,False,0.0,1.0,42000,42000.0,123.6,124,132,124,82,132,0,74,8,6.451612903225806,6.451612903225806,0.5606060606060606,0.0,5544000.0,5544000,0.0
2025-08-01,Northeast,NE_D01,Sedan,False,0.0,1.0,32000,32000.0,81.11,82,83,88,38,83,0,43,1,1.2195121951219512,1.2195121951219512,0.5180722891566265,0.0,2656000.0,2656000,0.0
2025-08-01,Northeast,NE_D01,EV,False,0.0,1.0,48000,48000.0,96.31,111,113,117,69,113,0,73,2,1.8018018018018018,1.8018018018018018,0.6460176991150443,0.0,5424000.0,5424000,0.0
2025-08-01,Northeast,NE_D01,Pickup,False,0.0,1.0,46000,46000.0,82.4,92,73,97,46,73,0,70,-19,-20.652173913043477,20.652173913043477,0.958904109589041,0.0,3358000.0,3358000,0.0
2025-08-01,Northeast,NE_D02,SUV,True,5.74,1.046,42000,39587.27,123.6,123,131,123,117,131,0,109,8,6.504065040650407,6.504065040650407,0.8320610687022901,5.685600000000004,5185932.369999999,5502000,316067.6300000008
2025-08-01,Northeast,NE_D02,Sedan,False,0.0,1.0,32000,32000.0,81.11,80,89,84,0,84,5,0,9,11.25,11.25,0.0,0.0,2688000.0,2688000,0.0
2025-08-01,Northeast,NE_D02,EV,True,5.88,1.047,48000,45178.69,96.31,92,106,82,94,106,0,70,14,15.217391304347828,15.217391304347828,0.660377358490566,4.526569999999993,4788941.140000001,5088000,299058.8599999994
2025-08-01,Northeast,NE_D02,Pickup,False,0.0,1.0,46000,46000.0,82.4,79,80,76,74,80,0,70,1,1.2658227848101267,1.2658227848101267,0.875,0.0,3680000.0,3680000,0.0
2025-08-01,South,SO_D01,SUV,False,0.0,1.0,42000,42000.0,129.78,132,137,109,54,137,0,26,5,3.787878787878788,3.787878787878788,0.1897810218978102,0.0,5754000.0,5754000,0.0
2025-08-01,South,SO_D01,Sedan,False,0.0,1.0,32000,32000.0,69.53,75,67,73,40,67,0,46,-8,-10.666666666666668,10.666666666666668,0.6865671641791045,0.0,2144000.0,2144000,0.0
2025-08-01,South,SO_D01,EV,False,0.0,1.0,48000,48000.0,74.42,71,72,67,48,72,0,43,1,1.4084507042253522,1.4084507042253522,0.5972222222222222,0.0,3456000.0,3456000,0.0
2025-08-01,South,SO_D01,Pickup,True,10.44,1.0836,46000,41195.45,123.6,129,127,127,125,127,0,125,-2,-1.550387596899225,1.550387596899225,0.984251968503937,10.332959999999987,5231822.149999999,5842000,610177.8500000006
2025-08-01,South,SO_D02,SUV,False,0.0,1.0,42000,42000.0,129.78,113,141,122,87,141,0,68,28,24.778761061946902,24.778761061946902,0.48226950354609927,0.0,5922000.0,5922000,0.0
2025-08-01,South,SO_D02,Sedan,False,0.0,1.0,32000,32000.0,69.53,69,71,68,34,71,0,31,2,2.898550724637681,2.898550724637681,0.43661971830985913,0.0,2272000.0,2272000,0.0
2025-08-01,South,SO_D02,EV,False,0.0,1.0,48000,48000.0,74.42,70,89,48,83,89,0,42,19,27.142857142857142,27.142857142857142,0.47191011235955055,0.0,4272000.0,4272000,0.0
2025-08-01,South,SO_D02,Pickup,False,0.0,1.0,46000,46000.0,123.6,120,132,134,63,132,0,65,12,10.0,10.0,0.49242424242424243,0.0,6072000.0,6072000,0.0
2025-08-01,Midwest,MW_D01,SUV,False,0.0,1.0,42000,42000.0,123.6,117,109,116,90,109,0,97,-8,-6.837606837606838,6.837606837606838,0.8899082568807339,0.0,4578000.0,4578000,0.0
2025-08-01,Midwest,MW_D01,Sedan,False,0.0,1.0,32000,32000.0,69.53,69,74,73,45,74,0,44,5,7.246376811594203,7.246376811594203,0.5945945945945946,0.0,2368000.0,2368000,0.0
2025-08-01,Midwest,MW_D01,EV,False,0.0,1.0,48000,48000.0,70.04,63,64,57,49,64,0,42,1,1.5873015873015872,1.5873015873015872,0.65625,0.0,3072000.0,3072000,0.0
2025-08-01,Midwest,MW_D01,Pickup,False,0.0,1.0,46000,46000.0,128.75,117,126,124,92,126,0,90,9,7.6923076923076925,7.6923076923076925,0.7142857142857143,0.0,5796000.0,5796000,0.0
2025-08-01,Midwest,MW_D02,SUV,False,0.0,1.0,42000,42000.0,123.6,139,125,157,86,125,0,118,-14,-10.071942446043165,10.071942446043165,0.944,0.0,5250000.0,5250000,0.0
2025-08-01,Midwest,MW_D02,Sedan,False,0.0,1.0,32000,32000.0,69.53,64,63,52,72,63,0,61,-1,-1.5625,1.5625,0.9682539682539683,0.0,2016000.0,2016000,0.0
2025-08-01,Midwest,MW_D02,EV,False,0.0,1.0,48000,48000.0,70.04,65,67,72,61,67,0,66,2,3.076923076923077,3.076923076923077,0.9850746268656716,0.0,3216000.0,3216000,0.0
2025-08-01,Midwest,MW_D02,Pickup,False,0.0,1.0,46000,46000.0,128.75,143,122,126,124,122,0,128,-21,-14.685314685314685,14.685314685314685,1.0491803278688525,0.0,5612000.0,5612000,0.0
2025-08-01,West,WE_D01,SUV,False,0.0,1.0,42000,42000.0,129.78,152,131,137,46,131,0,52,-21,-13.815789473684212,13.815789473684212,0.3969465648854962,0.0,5502000.0,5502000,0.0
2025-08-01,West,WE_D01,Sedan,False,0.0,1.0,32000,32000.0,73.39,68,73,67,46,73,0,40,5,7.352941176470589,7.352941176470589,0.547945205479452,0.0,2336000.0,2336000,0.0
2025-08-01,West,WE_D01,EV,False,0.0,1.0,48000,48000.0,109.44,107,109,127,33,109,0,51,2,1.8691588785046727,1.8691588785046727,0.46788990825688076,0.0,5232000.0,5232000,0.0
2025-08-01,West,WE_D01,Pickup,False,0.0,1.0,46000,46000.0,92.7,95,105,76,89,105,0,60,10,10.526315789473683,10.526315789473683,0.5714285714285714,0.0,4830000.0,4830000,0.0
2025-08-01,West,WE_D02,SUV,False,0.0,1.0,42000,42000.0,129.78,143,135,131,51,135,0,47,-8,-5.594405594405594,5.594405594405594,0.34814814814814815,0.0,5670000.0,5670000,0.0
2025-08-01,West,WE_D02,Sedan,False,0.0,1.0,32000,32000.0,73.39,69,76,68,83,76,0,75,7,10.144927536231885,10.144927536231885,0.9868421052631579,0.0,2432000.0,2432000,0.0
2025-08-01,West,WE_D02,EV,True,6.22,1.0498,48000,45013.42,109.44,113,125,118,115,125,0,108,12,10.619469026548673,10.619469026548673,0.864,5.450112000000007,5626677.5,6000000,373322.5
2025-08-01,West,WE_D02,Pickup,False,0.0,1.0,46000,46000.0,92.7,97,107,94,6,100,7,0,10,10.309278350515463,10.309278350515463,0.0,0.0,4600000.0,4600000,0.0
2025-09-01,Northeast,NE_D01,SUV,False,0.0,1.0,42000,42000.0,120.0,123,133,126,74,133,0,67,10,8.130081300813007,8.130081300813007,0.5037593984962406,0.0,5586000.0,5586000,0.0
2025-09-01,Northeast,NE_D01,Sedan,False,0.0,1.0,32000,32000.0,78.75,77,72,67,43,72,0,38,-5,-6.493506493506493,6.493506493506493,0.5277777777777778,0.0,2304000.0,2304000,0.0
2025-09-01,Northeast,NE_D01,EV,False,0.0,1.0,48000,48000.0,93.5,93,97,98,73,97,0,74,4,4.301075268817205,4.301075268817205,0.7628865979381443,0.0,4656000.0,4656000,0.0
2025-09-01,Northeast,NE_D01,Pickup,False,0.0,1.0,46000,46000.0,80.0,73,85,79,70,85,0,64,12,16.43835616438356,16.43835616438356,0.7529411764705882,0.0,3910000.0,3910000,0.0
2025-09-01,Northeast,NE_D02,SUV,False,0.0,1.0,42000,42000.0,120.0,118,129,102,109,129,0,82,11,9.322033898305085,9.322033898305085,0.6356589147286822,0.0,5418000.0,5418000,0.0
2025-09-01,Northeast,NE_D02,Sedan,False,0.0,1.0,32000,32000.0,78.75,77,78,69,0,69,9,0,1,1.2987012987012987,1.2987012987012987,0.0,0.0,2208000.0,2208000,0.0
2025-09-01,Northeast,NE_D02,EV,False,0.0,1.0,48000,48000.0,93.5,95,94,97,70,94,0,73,-1,-1.0526315789473684,1.0526315789473684,0.776595744680851,0.0,4512000.0,4512000,0.0
2025-09-01,Northeast,NE_D02,Pickup,False,0.0,1.0,46000,46000.0,80.0,77,74,78,70,74,0,74,-3,-3.896103896103896,3.896103896103896,1.0,0.0,3404000.0,3404000,0.0
2025-09-01,South,SO_D01,SUV,False,0.0,1.0,42000,42000.0,126.0,130,122,134,26,122,0,38,-8,-6.153846153846154,6.153846153846154,0.3114754098360656,0.0,5124000.0,5124000,0.0
2025-09-01,South,SO_D01,Sedan,False,0.0,1.0,32000,32000.0,67.5,72,61,62,46,61,0,47,-11,-15.277777777777779,15.277777777777779,0.7704918032786885,0.0,1952000.0,1952000,0.0
2025-09-01,South,SO_D01,EV,False,0.0,1.0,48000,48000.0,72.25,73,80,69,43,80,0,32,7,9.58904109589041,9.58904109589041,0.4,0.0,3840000.0,3840000,0.0
2025-09-01,South,SO_D01,Pickup,False,0.0,1.0,46000,46000.0,120.0,123,115,114,125,115,0,124,-8,-6.504065040650407,6.504065040650407,1.0782608695652174,0.0,5290000.0,5290000,0.0
2025-09-01,South,SO_D02,SUV,False,0.0,1.0,42000,42000.0,126.0,126,117,140,68,117,0,91,-9,-7.142857142857142,7.142857142857142,0.7777777777777778,0.0,4914000.0,4914000,0.0
2025-09-01,South,SO_D02,Sedan,False,0.0,1.0,32000,32000.0,67.5,68,69,66,31,69,0,28,1,1.4705882352941175,1.4705882352941175,0.4057971014492754,0.0,2208000.0,2208000,0.0
2025-09-01,South,SO_D02,EV,False,0.0,1.0,48000,48000.0,72.25,69,73,64,42,73,0,33,4,5.797101449275362,5.797101449275362,0.4520547945205479,0.0,3504000.0,3504000,0.0
2025-09-01,South,SO_D02,Pickup,False,0.0,1.0,46000,46000.0,120.0,122,113,108,65,113,0,60,-9,-7.377049180327869,7.377049180327869,0.5309734513274337,0.0,5198000.0,5198000,0.0
2025-09-01,Midwest,MW_D01,SUV,False,0.0,1.0,42000,42000.0,120.0,119,124,116,97,124,0,89,5,4.201680672268908,4.201680672268908,0.717741935483871,0.0,5208000.0,5208000,0.0
2025-09-01,Midwest,MW_D01,Sedan,False,0.0,1.0,32000,32000.0,67.5,76,64,83,44,64,0,63,-12,-15.789473684210526,15.789473684210526,0.984375,0.0,2048000.0,2048000,0.0
2025-09-01,Midwest,MW_D01,EV,False,0.0,1.0,48000,48000.0,68.0,74,71,61,42,71,0,32,-3,-4.054054054054054,4.054054054054054,0.4507042253521127,0.0,3408000.0,3408000,0.0
2025-09-01,Midwest,MW_D01,Pickup,False,0.0,1.0,46000,46000.0,125.0,128,125,127,90,125,0,92,-3,-2.34375,2.34375,0.736,0.0,5750000.0,5750000,0.0
2025-09-01,Midwest,MW_D02,SUV,False,0.0,1.0,42000,42000.0,120.0,115,122,118,118,122,0,114,7,6.086956521739131,6.086956521739131,0.9344262295081968,0.0,5124000.0,5124000,0.0
2025-09-01,Midwest,MW_D02,Sedan,False,0.0,1.0,32000,32000.0,67.5,63,65,74,61,65,0,70,2,3.1746031746031744,3.1746031746031744,1.0769230769230769,0.0,2080000.0,2080000,0.0
2025-09-01,Midwest,MW_D02,EV,False,0.0,1.0,48000,48000.0,68.0,73,64,76,66,64,0,78,-9,-12.32876712328767,12.32876712328767,1.21875,0.0,3072000.0,3072000,0.0
2025-09-01,Midwest,MW_D02,Pickup,True,9.97,1.0797,46000,41414.68,125.0,137,138,153,128,138,0,143,1,0.7299270072992701,0.7299270072992701,1.036231884057971,9.962500000000013,5715225.84,6348000,632774.1600000001
2025-09-01,West,WE_D01,SUV,False,0.0,1.0,42000,42000.0,126.0,130,110,128,52,110,0,70,-20,-15.384615384615385,15.384615384615385,0.6363636363636364,0.0,4620000.0,4620000,0.0
2025-09-01,West,WE_D01,Sedan,False,0.0,1.0,32000,32000.0,71.25,64,79,54,40,79,0,15,15,23.4375,23.4375,0.189873417721519,0.0,2528000.0,2528000,0.0
2025-09-01,West,WE_D01,EV,False,0.0,1.0,48000,48000.0,106.25,112,102,94,51,102,0,43,-10,-8.928571428571429,8.928571428571429,0.4215686274509804,0.0,4896000.0,4896000,0.0
2025-09-01,West,WE_D01,Pickup,False,0.0,1.0,46000,46000.0,90.0,92,105,83,60,105,0,38,13,14.130434782608695,14.130434782608695,0.3619047619047619,0.0,4830000.0,4830000,0.0
2025-09-01,West,WE_D02,SUV,False,0.0,1.0,42000,42000.0,126.0,118,133,117,47,133,0,31,15,12.711864406779661,12.711864406779661,0.23308270676691728,0.0,5586000.0,5586000,0.0
2025-09-01,West,WE_D02,Sedan,False,0.0,1.0,32000,32000.0,71.25,69,71,66,75,71,0,70,2,2.898550724637681,2.898550724637681,0.9859154929577465,0.0,2272000.0,2272000,0.0
2025-09-01,West,WE_D02,EV,False,0.0,1.0,48000,48000.0,106.25,108,101,101,108,101,0,108,-7,-6.481481481481481,6.481481481481481,1.0693069306930694,0.0,4848000.0,4848000,0.0
2025-09-01,West,WE_D02,Pickup,False,0.0,1.0,46000,46000.0,90.0,90,94,104,0,94,0,10,4,4.444444444444445,4.444444444444445,0.10638297872340426,0.0,4324000.0,4324000,0.0
2025-10-01,Northeast,NE_D01,SUV,False,0.0,1.0,42000,42000.0,117.6,116,122,85,67,122,0,30,6,5.172413793103448,5.172413793103448,0.2459016393442623,0.0,5124000.0,5124000,0.0
2025-10-01,Northeast,NE_D01,Sedan,False,0.0,1.0,32000,32000.0,77.17,77,80,67,38,80,0,25,3,3.896103896103896,3.896103896103896,0.3125,0.0,2560000.0,2560000,0.0
2025-10-01,Northeast,NE_D01,EV,False,0.0,1.0,48000,48000.0,91.63,90,98,110,74,98,0,86,8,8.88888888888889,8.88888888888889,0.8775510204081632,0.0,4704000.0,4704000,0.0
2025-10-01,Northeast,NE_D01,Pickup,False,0.0,1.0,46000,46000.0,78.4,79,79,80,64,79,0,65,0,0.0,0.0,0.8227848101265823,0.0,3634000.0,3634000,0.0
2025-10-01,Northeast,NE_D02,SUV,False,0.0,1.0,42000,42000.0,117.6,128,128,117,82,128,0,71,0,0.0,0.0,0.5546875,0.0,5376000.0,5376000,0.0
2025-10-01,Northeast,NE_D02,Sedan,False,0.0,1.0,32000,32000.0,77.17,65,72,56,0,56,16,0,7,10.76923076923077,10.76923076923077,0.0,0.0,1792000.0,1792000,0.0
2025-10-01,Northeast,NE_D02,EV,False,0.0,1.0,48000,48000.0,91.63,90,90,95,73,90,0,78,0,0.0,0.0,0.8666666666666667,0.0,4320000.0,4320000,0.0
2025-10-01,Northeast,NE_D02,Pickup,False,0.0,1.0,46000,46000.0,78.4,79,82,83,74,82,0,75,3,3.79746835443038,3.79746835443038,0.9146341463414634,0.0,3772000.0,3772000,0.0
2025-10-01,South,SO_D01,SUV,False,0.0,1.0,42000,42000.0,123.48,126,116,134,38,116,0,56,-10,-7.936507936507936,7.936507936507936,0.4827586206896552,0.0,4872000.0,4872000,0.0
2025-10-01,South,SO_D01,Sedan,False,0.0,1.0,32000,32000.0,66.15,65,66,55,47,66,0,36,1,1.5384615384615385,1.5384615384615385,0.5454545454545454,0.0,2112000.0,2112000,0.0
2025-10-01,South,SO_D01,EV,False,0.0,1.0,48000,48000.0,70.8,63,79,62,32,79,0,15,16,25.396825396825395,25.396825396825395,0.189873417721519,0.0,3792000.0,3792000,0.0
2025-10-01,South,SO_D01,Pickup,True,9.91,1.0793,46000,41439.96,117.6,129,128,123,124,128,0,119,-1,-0.7751937984496124,0.7751937984496124,0.9296875,9.325679999999991,5304314.88,5888000,583685.1200000001
2025-10-01,South,SO_D02,SUV,False,0.0,1.0,42000,42000.0,123.48,136,119,139,91,119,0,111,-17,-12.5,12.5,0.9327731092436975,0.0,4998000.0,4998000,0.0
2025-10-01,South,SO_D02,Sedan,False,0.0,1.0,32000,32000.0,66.15,60,72,49,28,72,0,5,12,20.0,20.0,0.06944444444444445,0.0,2304000.0,2304000,0.0
2025-10-01,South,SO_D02,EV,False,0.0,1.0,48000,48000.0,70.8,74,64,77,33,64,0,46,-10,-13.513513513513514,13.513513513513514,0.71875,0.0,3072000.0,3072000,0.0
2025-10-01,South,SO_D02,Pickup,False,0.0,1.0,46000,46000.0,117.6,115,114,130,60,114,0,76,-1,-0.8695652173913043,0.8695652173913043,0.6666666666666666,0.0,5244000.0,5244000,0.0
2025-10-01,Midwest,MW_D01,SUV,False,0.0,1.0,42000,42000.0,117.6,117,128,98,89,128,0,59,11,9.401709401709402,9.401709401709402,0.4609375,0.0,5376000.0,5376000,0.0
2025-10-01,Midwest,MW_D01,Sedan,False,0.0,1.0,32000,32000.0,66.15,62,62,66,63,62,0,67,0,0.0,0.0,1.0806451612903225,0.0,1984000.0,1984000,0.0
2025-10-01,Midwest,MW_D01,EV,False,0.0,1.0,48000,48000.0,66.64,65,68,75,32,68,0,39,3,4.615384615384616,4.615384615384616,0.5735294117647058,0.0,3264000.0,3264000,0.0
2025-10-01,Midwest,MW_D01,Pickup,False,0.0,1.0,46000,46000.0,122.5,132,122,141,92,122,0,111,-10,-7.575757575757576,7.575757575757576,0.9098360655737705,0.0,5612000.0,5612000,0.0
2025-10-01,Midwest,MW_D02,SUV,False,0.0,1.0,42000,42000.0,117.6,122,132,119,114,132,0,101,10,8.19672131147541,8.19672131147541,0.7651515151515151,0.0,5544000.0,5544000,0.0
2025-10-01,Midwest,MW_D02,Sedan,False,0.0,1.0,32000,32000.0,66.15,73,59,72,70,59,0,83,-14,-19.17808219178082,19.17808219178082,1.4067796610169492,0.0,1888000.0,1888000,0.0
2025-10-01,Midwest,MW_D02,EV,True,8.66,1.0693,48000,43843.1,66.64,76,68,70,78,68,0,80,-8,-10.526315789473683,10.526315789473683,1.1764705882352942,4.618151999999995,2981330.8,3264000,282669.2000000002
2025-10-01,Midwest,MW_D02,Pickup,False,0.0,1.0,46000,46000.0,122.5,126,119,126,143,119,0,150,-7,-5.555555555555555,5.555555555555555,1.2605042016806722,0.0,5474000.0,5474000,0.0
2025-10-01,West,WE_D01,SUV,False,0.0,1.0,42000,42000.0,123.48,136,127,119,70,127,0,62,-9,-6.61764705882353,6.61764705882353,0.4881889763779528,0.0,5334000.0,5334000,0.0
2025-10-01,West,WE_D01,Sedan,False,0.0,1.0,32000,32000.0,69.83,72,73,71,15,73,0,13,1,1.3888888888888888,1.3888888888888888,0.1780821917808219,0.0,2336000.0,2336000,0.0
2025-10-01,West,WE_D01,EV,False,0.0,1.0,48000,48000.0,104.12,109,108,97,43,108,0,32,-1,-0.9174311926605505,0.9174311926605505,0.2962962962962963,0.0,5184000.0,5184000,0.0
2025-10-01,West,WE_D01,Pickup,False,0.0,1.0,46000,46000.0,88.2,87,98,72,38,98,0,12,11,12.643678160919542,12.643678160919542,0.12244897959183673,0.0,4508000.0,4508000,0.0
2025-10-01,West,WE_D02,SUV,False,0.0,1.0,42000,42000.0,123.48,124,130,140,31,130,0,41,6,4.838709677419355,4.838709677419355,0.3153846153846154,0.0,5460000.0,5460000,0.0
2025-10-01,West,WE_D02,Sedan,False,0.0,1.0,32000,32000.0,69.83,67,63,53,70,63,0,60,-4,-5.970149253731343,5.970149253731343,0.9523809523809523,0.0,2016000.0,2016000,0.0
2025-10-01,West,WE_D02,EV,True,11.72,1.0938,48000,42373.07,104.12,121,101,140,108,101,0,147,-20,-16.528925619834713,16.528925619834713,1.4554455445544554,9.766456000000012,4279680.07,4848000,568319.9299999997
2025-10-01,West,WE_D02,Pickup,False,0.0,1.0,46000,46000.0,88.2,82,84,62,10,72,12,0,2,2.4390243902439024,2.4390243902439024,0.0,0.0,3312000.0,3312000,0.0
2025-11-01,Northeast,NE_D01,SUV,False,0.0,1.0,42000,42000.0,122.4,128,117,138,30,117,0,51,-11,-8.59375,8.59375,0.4358974358974359,0.0,4914000.0,4914000,0.0
2025-11-01,Northeast,NE_D01,Sedan,False,0.0,1.0,32000,32000.0,80.33,79,78,79,25,78,0,26,-1,-1.2658227848101267,1.2658227848101267,0.3333333333333333,0.0,2496000.0,2496000,0.0
2025-11-01,Northeast,NE_D01,EV,False,0.0,1.0,48000,48000.0,95.37,102,103,83,86,103,0,66,1,0.9803921568627451,0.9803921568627451,0.6407766990291263,0.0,4944000.0,4944000,0.0
2025-11-01,Northeast,NE_D01,Pickup,False,0.0,1.0,46000,46000.0,81.6,85,77,79,65,77,0,67,-8,-9.411764705882353,9.411764705882353,0.8701298701298701,0.0,3542000.0,3542000,0.0
2025-11-01,Northeast,NE_D02,SUV,False,0.0,1.0,42000,42000.0,122.4,136,133,119,71,133,0,57,-3,-2.2058823529411766,2.2058823529411766,0.42857142857142855,0.0,5586000.0,5586000,0.0
2025-11-01,Northeast,NE_D02,Sedan,False,0.0,1.0,32000,32000.0,80.33,84,88,74,0,74,14,0,4,4.761904761904762,4.761904761904762,0.0,0.0,2368000.0,2368000,0.0
2025-11-01,Northeast,NE_D02,EV,False,0.0,1.0,48000,48000.0,95.37,86,96,92,78,96,0,74,10,11.627906976744185,11.627906976744185,0.7708333333333334,0.0,4608000.0,4608000,0.0
2025-11-01,Northeast,NE_D02,Pickup,False,0.0,1.0,46000,46000.0,81.6,81,78,70,75,78,0,67,-3,-3.7037037037037033,3.7037037037037033,0.8589743589743589,0.0,3588000.0,3588000,0.0
2025-11-01,South,SO_D01,SUV,False,0.0,1.0,42000,42000.0,128.52,119,142,93,56,142,0,7,23,19.327731092436977,19.327731092436977,0.04929577464788732,0.0,5964000.0,5964000,0.0
2025-11-01,South,SO_D01,Sedan,False,0.0,1.0,32000,32000.0,68.85,67,64,73,36,64,0,45,-3,-4.477611940298507,4.477611940298507,0.703125,0.0,2048000.0,2048000,0.0
2025-11-01,South,SO_D01,EV,False,0.0,1.0,48000,48000.0,73.7,80,77,82,15,77,0,20,-3,-3.75,3.75,0.2597402597402597,0.0,3696000.0,3696000,0.0
2025-11-01,South,SO_D01,Pickup,False,0.0,1.0,46000,46000.0,122.4,127,125,124,119,125,0,118,-2,-1.574803149606299,1.574803149606299,0.944,0.0,5750000.0,5750000,0.0
2025-11-01,South,SO_D02,SUV,False,0.0,1.0,42000,42000.0,128.52,123,142,117,111,142,0,86,19,15.447154471544716,15.447154471544716,0.6056338028169014,0.0,5964000.0,5964000,0.0
2025-11-01,South,SO_D02,Sedan,False,0.0,1.0,32000,32000.0,68.85,65,71,68,5,71,0,2,6,9.230769230769232,9.230769230769232,0.028169014084507043,0.0,2272000.0,2272000,0.0
2025-11-01,South,SO_D02,EV,False,0.0,1.0,48000,48000.0,73.7,74,74,75,46,74,0,47,0,0.0,0.0,0.6351351351351351,0.0,3552000.0,3552000,0.0
2025-11-01,South,SO_D02,Pickup,False,0.0,1.0,46000,46000.0,122.4,113,133,109,76,133,0,52,20,17.699115044247787,17.699115044247787,0.39097744360902253,0.0,6118000.0,6118000,0.0
2025-11-01,Midwest,MW_D01,SUV,False,0.0,1.0,42000,42000.0,122.4,117,119,108,59,119,0,48,2,1.7094017094017095,1.7094017094017095,0.40336134453781514,0.0,4998000.0,4998000,0.0
2025-11-01,Midwest,MW_D01,Sedan,False,0.0,1.0,32000,32000.0,68.85,70,72,76,67,72,0,71,2,2.857142857142857,2.857142857142857,0.9861111111111112,0.0,2304000.0,2304000,0.0
2025-11-01,Midwest,MW_D01,EV,False,0.0,1.0,48000,48000.0,69.36,74,70,83,39,70,0,52,-4,-5.405405405405405,5.405405405405405,0.7428571428571429,0.0,3360000.0,3360000,0.0
2025-11-01,Midwest,MW_D01,Pickup,False,0.0,1.0,46000,46000.0,127.5,132,128,136,111,128,0,119,-4,-3.0303030303030303,3.0303030303030303,0.9296875,0.0,5888000.0,5888000,0.0
2025-11-01,Midwest,MW_D02,SUV,False,0.0,1.0,42000,42000.0,122.4,106,108,136,101,108,0,129,2,1.8867924528301887,1.8867924528301887,1.1944444444444444,0.0,4536000.0,4536000,0.0
2025-11-01,Midwest,MW_D02,Sedan,True,7.61,1.0609,32000,29563.75,68.85,74,73,74,83,73,0,84,-1,-1.3513513513513513,1.3513513513513513,1.1506849315068493,4.1929649999999965,2158153.75,2336000,177846.25
2025-11-01,Midwest,MW_D02,EV,True,5.25,1.042,48000,45480.91,69.36,73,66,73,80,66,0,87,-7,-9.58904109589041,9.58904109589041,1.3181818181818181,2.9131200000000024,3001740.06,3168000,166259.93999999994
2025-11-01,Midwest,MW_D02,Pickup,True,8.47,1.0677,46000,42104.77,127.5,140,142,159,150,142,0,167,2,1.4285714285714286,1.4285714285714286,1.176056338028169,8.631750000000013,5978877.34,6532000,553122.6600000001
2025-11-01,West,WE_D01,SUV,False,0.0,1.0,42000,42000.0,128.52,141,153,142,62,153,0,51,12,8.51063829787234,8.51063829787234,0.3333333333333333,0.0,6426000.0,6426000,0.0
2025-11-01,West,WE_D01,Sedan,False,0.0,1.0,32000,32000.0,72.67,64,71,64,13,71,0,6,7,10.9375,10.9375,0.08450704225352113,0.0,2272000.0,2272000,0.0
2025-11-01,West,WE_D01,EV,False,0.0,1.0,48000,48000.0,108.38,105,116,99,32,116,0,15,11,10.476190476190476,10.476190476190476,0.12931034482758622,0.0,5568000.0,5568000,0.0
2025-11-01,West,WE_D01,Pickup,False,0.0,1.0,46000,46000.0,91.8,95,99,98,12,99,0,11,4,4.2105263157894735,4.2105263157894735,0.1111111111111111,0.0,4554000.0,4554000,0.0
2025-11-01,West,WE_D02,SUV,False,0.0,1.0,42000,42000.0,128.52,116,117,94,41,117,0,18,1,0.8620689655172413,0.8620689655172413,0.15384615384615385,0.0,4914000.0,4914000,0.0
2025-11-01,West,WE_D02,Sedan,False,0.0,1.0,32000,32000.0,72.67,79,77,72,60,77,0,55,-2,-2.5316455696202533,2.5316455696202533,0.7142857142857143,0.0,2464000.0,2464000,0.0
2025-11-01,West,WE_D02,EV,True,6.42,1.0513,48000,44919.5,108.38,116,111,101,147,111,0,137,-5,-4.310344827586207,4.310344827586207,1.2342342342342343,5.559893999999989,4986064.5,5328000,341935.5
2025-11-01,West,WE_D02,Pickup,False,0.0,1.0,46000,46000.0,91.8,96,89,73,0,73,16,0,-7,-7.291666666666667,7.291666666666667,0.0,0.0,3358000.0,3358000,0.0
2025-12-01,Northeast,NE_D01,SUV,False,0.0,1.0,42000,42000.0,132.0,127,141,139,51,141,0,49,14,11.023622047244094,11.023622047244094,0.3475177304964539,0.0,5922000.0,5922000,0.0
2025-12-01,Northeast,NE_D01,Sedan,False,0.0,1.0,32000,32000.0,86.62,91,83,86,26,83,0,29,-8,-8.791208791208792,8.791208791208792,0.3493975903614458,0.0,2656000.0,2656000,0.0
2025-12-01,Northeast,NE_D01,EV,False,0.0,1.0,48000,48000.0,102.85,109,99,97,66,99,0,64,-10,-9.174311926605505,9.174311926605505,0.6464646464646465,0.0,4752000.0,4752000,0.0
2025-12-01,Northeast,NE_D01,Pickup,False,0.0,1.0,46000,46000.0,88.0,89,93,91,67,93,0,65,4,4.49438202247191,4.49438202247191,0.6989247311827957,0.0,4278000.0,4278000,0.0
2025-12-01,Northeast,NE_D02,SUV,False,0.0,1.0,42000,42000.0,132.0,134,146,114,57,146,0,25,12,8.955223880597014,8.955223880597014,0.17123287671232876,0.0,6132000.0,6132000,0.0
2025-12-01,Northeast,NE_D02,Sedan,False,0.0,1.0,32000,32000.0,86.62,88,87,94,0,87,0,7,-1,-1.1363636363636365,1.1363636363636365,0.08045977011494253,0.0,2784000.0,2784000,0.0
2025-12-01,Northeast,NE_D02,EV,False,0.0,1.0,48000,48000.0,102.85,98,108,110,74,108,0,76,10,10.204081632653061,10.204081632653061,0.7037037037037037,0.0,5184000.0,5184000,0.0
2025-12-01,Northeast,NE_D02,Pickup,False,0.0,1.0,46000,46000.0,88.0,87,78,73,67,78,0,62,-9,-10.344827586206897,10.344827586206897,0.7948717948717948,0.0,3588000.0,3588000,0.0
2025-12-01,South,SO_D01,SUV,False,0.0,1.0,42000,42000.0,138.6,137,137,151,7,137,0,21,0,0.0,0.0,0.15328467153284672,0.0,5754000.0,5754000,0.0
2025-12-01,South,SO_D01,Sedan,False,0.0,1.0,32000,32000.0,74.25,76,77,76,45,77,0,44,1,1.3157894736842104,1.3157894736842104,0.5714285714285714,0.0,2464000.0,2464000,0.0
2025-12-01,South,SO_D01,EV,False,0.0,1.0,48000,48000.0,79.48,84,74,92,20,74,0,38,-10,-11.904761904761903,11.904761904761903,0.5135135135135135,0.0,3552000.0,3552000,0.0
2025-12-01,South,SO_D01,Pickup,False,0.0,1.0,46000,46000.0,132.0,124,139,124,118,139,0,103,15,12.096774193548388,12.096774193548388,0.7410071942446043,0.0,6394000.0,6394000,0.0
2025-12-01,South,SO_D02,SUV,False,0.0,1.0,42000,42000.0,138.6,138,142,123,86,142,0,67,4,2.898550724637681,2.898550724637681,0.47183098591549294,0.0,5964000.0,5964000,0.0
2025-12-01,South,SO_D02,Sedan,False,0.0,1.0,32000,32000.0,74.25,81,76,66,2,68,8,0,-5,-6.172839506172839,6.172839506172839,0.0,0.0,2176000.0,2176000,0.0
2025-12-01,South,SO_D02,EV,False,0.0,1.0,48000,48000.0,79.48,76,87,66,47,87,0,26,11,14.473684210526317,14.473684210526317,0.2988505747126437,0.0,4176000.0,4176000,0.0
2025-12-01,South,SO_D02,Pickup,False,0.0,1.0,46000,46000.0,132.0,125,145,116,52,145,0,23,20,16.0,16.0,0.15862068965517243,0.0,6670000.0,6670000,0.0
2025-12-01,Midwest,MW_D01,SUV,False,0.0,1.0,42000,42000.0,132.0,134,119,146,48,119,0,75,-15,-11.194029850746269,11.194029850746269,0.6302521008403361,0.0,4998000.0,4998000,0.0
2025-12-01,Midwest,MW_D01,Sedan,False,0.0,1.0,32000,32000.0,74.25,78,70,81,71,70,0,82,-8,-10.256410256410255,10.256410256410255,1.1714285714285715,0.0,2240000.0,2240000,0.0
2025-12-01,Midwest,MW_D01,EV,False,0.0,1.0,48000,48000.0,74.8,75,78,76,52,78,0,50,3,4.0,4.0,0.6410256410256411,0.0,3744000.0,3744000,0.0
2025-12-01,Midwest,MW_D01,Pickup,False,0.0,1.0,46000,46000.0,137.5,148,134,167,119,134,0,152,-14,-9.45945945945946,9.45945945945946,1.1343283582089552,0.0,6164000.0,6164000,0.0
2025-12-01,Midwest,MW_D02,SUV,False,0.0,1.0,42000,42000.0,132.0,139,153,110,129,153,0,86,14,10.071942446043165,10.071942446043165,0.5620915032679739,0.0,6426000.0,6426000,0.0
2025-12-01,Midwest,MW_D02,Sedan,True,5.87,1.047,32000,30121.5,74.25,82,85,71,84,85,0,70,3,3.6585365853658534,3.6585365853658534,0.8235294117647058,3.489749999999995,2560327.5,2720000,159672.5
2025-12-01,Midwest,MW_D02,EV,True,11.95,1.0956,48000,42265.22,74.8,85,77,73,87,77,0,83,-8,-9.411764705882353,9.411764705882353,1.077922077922078,7.150879999999993,3254421.94,3696000,441578.06000000006
2025-12-01,Midwest,MW_D02,Pickup,False,0.0,1.0,46000,46000.0,137.5,157,129,155,167,129,0,193,-28,-17.8343949044586,17.8343949044586,1.496124031007752,0.0,5934000.0,5934000,0.0
2025-12-01,West,WE_D01,SUV,False,0.0,1.0,42000,42000.0,138.6,137,125,111,51,125,0,37,-12,-8.75912408759124,8.75912408759124,0.296,0.0,5250000.0,5250000,0.0
2025-12-01,West,WE_D01,Sedan,False,0.0,1.0,32000,32000.0,78.38,69,81,64,6,70,11,0,12,17.391304347826086,17.391304347826086,0.0,0.0,2240000.0,2240000,0.0
2025-12-01,West,WE_D01,EV,False,0.0,1.0,48000,48000.0,116.88,128,111,143,15,111,0,47,-17,-13.28125,13.28125,0.42342342342342343,0.0,5328000.0,5328000,0.0
2025-12-01,West,WE_D01,Pickup,False,0.0,1.0,46000,46000.0,99.0,96,94,104,11,94,0,21,-2,-2.083333333333333,2.083333333333333,0.22340425531914893,0.0,4324000.0,4324000,0.0
2025-12-01,West,WE_D02,SUV,False,0.0,1.0,42000,42000.0,138.6,139,125,158,18,125,0,51,-14,-10.071942446043165,10.071942446043165,0.408,0.0,5250000.0,5250000,0.0
2025-12-01,West,WE_D02,Sedan,False,0.0,1.0,32000,32000.0,78.38,85,84,78,55,84,0,49,-1,-1.1764705882352942,1.1764705882352942,0.5833333333333334,0.0,2688000.0,2688000,0.0
2025-12-01,West,WE_D02,EV,True,7.51,1.0601,48000,44395.65,116.88,112,116,98,137,116,0,119,4,3.571428571428571,3.571428571428571,1.0258620689655173,7.024488000000004,5149895.4,5568000,418104.5999999996
2025-12-01,West,WE_D02,Pickup,False,0.0,1.0,46000,46000.0,99.0,92,92,93,0,92,0,1,0,0.0,0.0,0.010869565217391304,0.0,4232000.0,4232000,0.0
2026-01-01,Northeast,NE_D01,SUV,False,0.0,1.0,42000,42000.0,108.0,98,92,87,49,92,0,44,-6,-6.122448979591836,6.122448979591836,0.4782608695652174,0.0,3864000.0,3864000,0.0
2026-01-01,Northeast,NE_D01,Sedan,False,0.0,1.0,32000,32000.0,70.88,67,73,65,29,73,0,21,6,8.955223880597014,8.955223880597014,0.2876712328767123,0.0,2336000.0,2336000,0.0
2026-01-01,Northeast,NE_D01,EV,False,0.0,1.0,48000,48000.0,84.15,86,86,83,64,86,0,61,0,0.0,0.0,0.7093023255813954,0.0,4128000.0,4128000,0.0
2026-01-01,Northeast,NE_D01,Pickup,False,0.0,1.0,46000,46000.0,72.0,74,76,77,65,76,0,66,2,2.7027027027027026,2.7027027027027026,0.868421052631579,0.0,3496000.0,3496000,0.0
2026-01-01,Northeast,NE_D02,SUV,False,0.0,1.0,42000,42000.0,108.0,110,120,124,25,120,0,29,10,9.090909090909092,9.090909090909092,0.24166666666666667,0.0,5040000.0,5040000,0.0
2026-01-01,Northeast,NE_D02,Sedan,False,0.0,1.0,32000,32000.0,70.88,65,72,73,7,72,0,8,7,10.76923076923077,10.76923076923077,0.1111111111111111,0.0,2304000.0,2304000,0.0
2026-01-01,Northeast,NE_D02,EV,False,0.0,1.0,48000,48000.0,84.15,72,82,77,76,82,0,71,10,13.88888888888889,13.88888888888889,0.8658536585365854,0.0,3936000.0,3936000,0.0
2026-01-01,Northeast,NE_D02,Pickup,False,0.0,1.0,46000,46000.0,72.0,72,63,69,62,63,0,68,-9,-12.5,12.5,1.0793650793650793,0.0,2898000.0,2898000,0.0
2026-01-01,South,SO_D01,SUV,False,0.0,1.0,42000,42000.0,113.4,110,114,115,21,114,0,22,4,3.6363636363636362,3.6363636363636362,0.19298245614035087,0.0,4788000.0,4788000,0.0
2026-01-01,South,SO_D01,Sedan,False,0.0,1.0,32000,32000.0,60.75,62,62,58,44,62,0,40,0,0.0,0.0,0.6451612903225806,0.0,1984000.0,1984000,0.0
2026-01-01,South,SO_D01,EV,False,0.0,1.0,48000,48000.0,65.03,68,66,60,38,66,0,32,-2,-2.941176470588235,2.941176470588235,0.48484848484848486,0.0,3168000.0,3168000,0.0
2026-01-01,South,SO_D01,Pickup,False,0.0,1.0,46000,46000.0,108.0,109,91,90,103,91,0,102,-18,-16.51376146788991,16.51376146788991,1.120879120879121,0.0,4186000.0,4186000,0.0
2026-01-01,South,SO_D02,SUV,False,0.0,1.0,42000,42000.0,113.4,119,125,110,67,125,0,52,6,5.042016806722689,5.042016806722689,0.416,0.0,5250000.0,5250000,0.0
2026-01-01,South,SO_D02,Sedan,False,0.0,1.0,32000,32000.0,60.75,62,64,64,0,64,0,0,2,3.225806451612903,3.225806451612903,0.0,0.0,2048000.0,2048000,0.0
2026-01-01,South,SO_D02,EV,False,0.0,1.0,48000,48000.0,65.03,67,63,70,26,63,0,33,-4,-5.970149253731343,5.970149253731343,0.5238095238095238,0.0,3024000.0,3024000,0.0
2026-01-01,South,SO_D02,Pickup,False,0.0,1.0,46000,46000.0,108.0,103,106,102,23,106,0,19,3,2.912621359223301,2.912621359223301,0.1792452830188679,0.0,4876000.0,4876000,0.0
2026-01-01,Midwest,MW_D01,SUV,False,0.0,1.0,42000,42000.0,108.0,107,91,111,75,91,0,95,-16,-14.953271028037381,14.953271028037381,1.043956043956044,0.0,3822000.0,3822000,0.0
2026-01-01,Midwest,MW_D01,Sedan,True,9.85,1.0788,32000,28849.48,60.75,66,67,61,82,67,0,76,1,1.5151515151515151,1.5151515151515151,1.1343283582089552,4.787099999999999,1932915.16,2144000,211084.84000000008
2026-01-01,Midwest,MW_D01,EV,False,0.0,1.0,48000,48000.0,61.2,64,60,74,50,60,0,64,-4,-6.25,6.25,1.0666666666666667,0.0,2880000.0,2880000,0.0
2026-01-01,Midwest,MW_D01,Pickup,True,6.47,1.0518,46000,43022.77,112.5,116,108,116,152,108,0,160,-8,-6.896551724137931,6.896551724137931,1.4814814814814814,5.827500000000008,4646459.159999999,4968000,321540.8400000008
2026-01-01,Midwest,MW_D02,SUV,False,0.0,1.0,42000,42000.0,108.0,111,125,105,86,125,0,66,14,12.612612612612612,12.612612612612612,0.528,0.0,5250000.0,5250000,0.0
2026-01-01,Midwest,MW_D02,Sedan,False,0.0,1.0,32000,32000.0,60.75,60,68,63,70,68,0,65,8,13.333333333333334,13.333333333333334,0.9558823529411765,0.0,2176000.0,2176000,0.0
2026-01-01,Midwest,MW_D02,EV,True,5.09,1.0408,48000,45554.4,61.2,63,67,61,83,67,0,77,4,6.349206349206349,6.349206349206349,1.1492537313432836,2.496959999999997,3052144.8000000003,3216000,163855.19999999972
2026-01-01,Midwest,MW_D02,Pickup,True,11.82,1.0946,46000,40561.27,112.5,129,123,131,193,123,0,201,-6,-4.651162790697675,4.651162790697675,1.6341463414634145,10.642500000000002,4989036.21,5658000,668963.79
2026-01-01,West,WE_D01,SUV,False,0.0,1.0,42000,42000.0,113.4,100,102,113,37,102,0,48,2,2.0,2.0,0.47058823529411764,0.0,4284000.0,4284000,0.0
2026-01-01,West,WE_D01,Sedan,False,0.0,1.0,32000,32000.0,64.12,59,64,53,0,53,11,0,5,8.47457627118644,8.47457627118644,0.0,0.0,1696000.0,1696000,0.0
2026-01-01,West,WE_D01,EV,False,0.0,1.0,48000,48000.0,95.62,87,99,83,47,99,0,31,12,13.793103448275861,13.793103448275861,0.31313131313131315,0.0,4752000.0,4752000,0.0
2026-01-01,West,WE_D01,Pickup,False,0.0,1.0,46000,46000.0,81.0,70,80,68,21,80,0,9,10,14.285714285714285,14.285714285714285,0.1125,0.0,3680000.0,3680000,0.0
2026-01-01,West,WE_D02,SUV,False,0.0,1.0,42000,42000.0,113.4,109,113,108,51,113,0,46,4,3.669724770642202,3.669724770642202,0.40707964601769914,0.0,4746000.0,4746000,0.0
2026-01-01,West,WE_D02,Sedan,False,0.0,1.0,32000,32000.0,64.12,67,65,79,49,65,0,63,-2,-2.9850746268656714,2.9850746268656714,0.9692307692307692,0.0,2080000.0,2080000,0.0
2026-01-01,West,WE_D02,EV,False,0.0,1.0,48000,48000.0,95.62,94,87,101,119,87,0,133,-7,-7.446808510638298,7.446808510638298,1.528735632183908,0.0,4176000.0,4176000,0.0
2026-01-01,West,WE_D02,Pickup,False,0.0,1.0,46000,46000.0,81.0,82,86,92,1,86,0,7,4,4.878048780487805,4.878048780487805,0.08139534883720931,0.0,3956000.0,3956000,0.0
2026-02-01,Northeast,NE_D01,SUV,False,0.0,1.0,42000,42000.0,110.4,118,119,86,44,119,0,11,1,0.847457627118644,0.847457627118644,0.09243697478991597,0.0,4998000.0,4998000,0.0
2026-02-01,Northeast,NE_D01,Sedan,False,0.0,1.0,32000,32000.0,72.45,78,70,81,21,70,0,32,-8,-10.256410256410255,10.256410256410255,0.45714285714285713,0.0,2240000.0,2240000,0.0
2026-02-01,Northeast,NE_D01,EV,False,0.0,1.0,48000,48000.0,86.02,86,81,87,61,81,0,67,-5,-5.813953488372093,5.813953488372093,0.8271604938271605,0.0,3888000.0,3888000,0.0
2026-02-01,Northeast,NE_D01,Pickup,False,0.0,1.0,46000,46000.0,73.6,80,86,83,66,86,0,63,6,7.5,7.5,0.7325581395348837,0.0,3956000.0,3956000,0.0
2026-02-01,Northeast,NE_D02,SUV,False,0.0,1.0,42000,42000.0,110.4,111,120,110,29,120,0,19,9,8.108108108108109,8.108108108108109,0.15833333333333333,0.0,5040000.0,5040000,0.0
2026-02-01,Northeast,NE_D02,Sedan,False,0.0,1.0,32000,32000.0,72.45,69,59,63,8,59,0,12,-10,-14.492753623188406,14.492753623188406,0.2033898305084746,0.0,1888000.0,1888000,0.0
2026-02-01,Northeast,NE_D02,EV,False,0.0,1.0,48000,48000.0,86.02,83,85,88,71,85,0,74,2,2.4096385542168677,2.4096385542168677,0.8705882352941177,0.0,4080000.0,4080000,0.0
2026-02-01,Northeast,NE_D02,Pickup,True,10.06,1.0805,46000,41370.92,73.6,72,73,70,68,73,0,65,1,1.3888888888888888,1.3888888888888888,0.8904109589041096,5.9248,3020077.1599999997,3358000,337922.8400000003
2026-02-01,South,SO_D01,SUV,False,0.0,1.0,42000,42000.0,115.92,110,107,108,22,107,0,23,-3,-2.727272727272727,2.727272727272727,0.21495327102803738,0.0,4494000.0,4494000,0.0
2026-02-01,South,SO_D01,Sedan,False,0.0,1.0,32000,32000.0,62.1,61,59,56,40,59,0,37,-2,-3.278688524590164,3.278688524590164,0.6271186440677966,0.0,1888000.0,1888000,0.0
2026-02-01,South,SO_D01,EV,False,0.0,1.0,48000,48000.0,66.47,70,67,68,32,67,0,33,-3,-4.285714285714286,4.285714285714286,0.4925373134328358,0.0,3216000.0,3216000,0.0
2026-02-01,South,SO_D01,Pickup,True,9.95,1.0796,46000,41422.97,110.4,131,118,136,102,118,0,120,-13,-9.923664122137405,9.923664122137405,1.0169491525423728,8.787839999999989,4887910.46,5428000,540089.54
2026-02-01,South,SO_D02,SUV,False,0.0,1.0,42000,42000.0,115.92,106,104,113,52,104,0,61,-2,-1.8867924528301887,1.8867924528301887,0.5865384615384616,0.0,4368000.0,4368000,0.0
2026-02-01,South,SO_D02,Sedan,False,0.0,1.0,32000,32000.0,62.1,64,57,63,0,57,0,6,-7,-10.9375,10.9375,0.10526315789473684,0.0,1824000.0,1824000,0.0
2026-02-01,South,SO_D02,EV,False,0.0,1.0,48000,48000.0,66.47,62,56,62,33,56,0,39,-6,-9.67741935483871,9.67741935483871,0.6964285714285714,0.0,2688000.0,2688000,0.0
2026-02-01,South,SO_D02,Pickup,False,0.0,1.0,46000,46000.0,110.4,114,110,110,19,110,0,19,-4,-3.508771929824561,3.508771929824561,0.17272727272727273,0.0,5060000.0,5060000,0.0
2026-02-01,Midwest,MW_D01,SUV,True,10.73,1.0858,42000,37493.87,110.4,119,122,128,95,122,0,101,3,2.5210084033613445,2.5210084033613445,0.8278688524590164,9.47232000000001,4574252.140000001,5124000,549747.8599999994
2026-02-01,Midwest,MW_D01,Sedan,False,0.0,1.0,32000,32000.0,62.1,55,66,52,76,66,0,62,11,20.0,20.0,0.9393939393939394,0.0,2112000.0,2112000,0.0
2026-02-01,Midwest,MW_D01,EV,True,7.23,1.0579,48000,44527.72,62.56,70,71,67,64,71,0,60,1,1.4285714285714286,1.4285714285714286,0.8450704225352113,3.622224000000004,3161468.12,3408000,246531.8799999999
2026-02-01,Midwest,MW_D01,Pickup,True,8.05,1.0644,46000,42295.09,115.0,118,123,118,160,123,0,155,5,4.23728813559322,4.23728813559322,1.2601626016260163,7.4060000000000015,5202296.069999999,5658000,455703.93000000063
2026-02-01,Midwest,MW_D02,SUV,False,0.0,1.0,42000,42000.0,110.4,107,107,101,66,107,0,60,0,0.0,0.0,0.5607476635514018,0.0,4494000.0,4494000,0.0
2026-02-01,Midwest,MW_D02,Sedan,False,0.0,1.0,32000,32000.0,62.1,58,73,59,65,73,0,51,15,25.862068965517242,25.862068965517242,0.6986301369863014,0.0,2336000.0,2336000,0.0
2026-02-01,Midwest,MW_D02,EV,False,0.0,1.0,48000,48000.0,62.56,60,58,69,77,58,0,88,-2,-3.3333333333333335,3.3333333333333335,1.5172413793103448,0.0,2784000.0,2784000,0.0
2026-02-01,Midwest,MW_D02,Pickup,True,7.62,1.061,46000,42492.7,115.0,125,109,123,201,109,0,215,-16,-12.8,12.8,1.9724770642201834,7.0149999999999935,4631704.3,5014000,382295.7000000002
2026-02-01,West,WE_D01,SUV,False,0.0,1.0,42000,42000.0,115.92,115,112,130,48,112,0,66,-3,-2.608695652173913,2.608695652173913,0.5892857142857143,0.0,4704000.0,4704000,0.0
2026-02-01,West,WE_D01,Sedan,False,0.0,1.0,32000,32000.0,65.55,67,67,72,0,67,0,5,0,0.0,0.0,0.07462686567164178,0.0,2144000.0,2144000,0.0
2026-02-01,West,WE_D01,EV,False,0.0,1.0,48000,48000.0,97.75,100,108,101,31,108,0,24,8,8.0,8.0,0.2222222222222222,0.0,5184000.0,5184000,0.0
2026-02-01,West,WE_D01,Pickup,False,0.0,1.0,46000,46000.0,82.8,89,80,94,9,80,0,23,-9,-10.112359550561797,10.112359550561797,0.2875,0.0,3680000.0,3680000,0.0
2026-02-01,West,WE_D02,SUV,False,0.0,1.0,42000,42000.0,115.92,114,101,129,46,101,0,74,-13,-11.403508771929824,11.403508771929824,0.7326732673267327,0.0,4242000.0,4242000,0.0
2026-02-01,West,WE_D02,Sedan,False,0.0,1.0,32000,32000.0,65.55,60,69,54,63,69,0,48,9,15.0,15.0,0.6956521739130435,0.0,2208000.0,2208000,0.0
2026-02-01,West,WE_D02,EV,True,11.12,1.089,48000,42662.39,97.75,113,103,120,133,103,0,150,-10,-8.849557522123893,8.849557522123893,1.4563106796116505,8.699749999999996,4394226.17,4944000,549773.8300000001
2026-02-01,West,WE_D02,Pickup,False,0.0,1.0,46000,46000.0,82.8,81,76,90,7,76,0,21,-5,-6.172839506172839,6.172839506172839,0.27631578947368424,0.0,3496000.0,3496000,0.0
2026-03-01,Northeast,NE_D01,SUV,False,0.0,1.0,42000,42000.0,120.0,128,111,117,11,111,0,17,-17,-13.28125,13.28125,0.15315315315315314,0.0,4662000.0,4662000,0.0
2026-03-01,Northeast,NE_D01,Sedan,False,0.0,1.0,32000,32000.0,78.75,81,80,91,32,80,0,43,-1,-1.2345679012345678,1.2345679012345678,0.5375,0.0,2560000.0,2560000,0.0
2026-03-01,Northeast,NE_D01,EV,False,0.0,1.0,48000,48000.0,93.5,93,80,98,67,80,0,85,-13,-13.978494623655912,13.978494623655912,1.0625,0.0,3840000.0,3840000,0.0
2026-03-01,Northeast,NE_D01,Pickup,False,0.0,1.0,46000,46000.0,80.0,82,89,74,63,89,0,48,7,8.536585365853659,8.536585365853659,0.5393258426966292,0.0,4094000.0,4094000,0.0
2026-03-01,Northeast,NE_D02,SUV,False,0.0,1.0,42000,42000.0,120.0,134,118,139,19,118,0,40,-16,-11.940298507462686,11.940298507462686,0.3389830508474576,0.0,4956000.0,4956000,0.0
2026-03-01,Northeast,NE_D02,Sedan,False,0.0,1.0,32000,32000.0,78.75,89,79,75,12,79,0,8,-10,-11.235955056179774,11.235955056179774,0.10126582278481013,0.0,2528000.0,2528000,0.0
2026-03-01,Northeast,NE_D02,EV,False,0.0,1.0,48000,48000.0,93.5,94,101,81,74,101,0,54,7,7.446808510638298,7.446808510638298,0.5346534653465347,0.0,4848000.0,4848000,0.0
2026-03-01,Northeast,NE_D02,Pickup,False,0.0,1.0,46000,46000.0,80.0,81,75,68,65,75,0,58,-6,-7.4074074074074066,7.4074074074074066,0.7733333333333333,0.0,3450000.0,3450000,0.0
2026-03-01,South,SO_D01,SUV,False,0.0,1.0,42000,42000.0,126.0,134,127,136,23,127,0,32,-7,-5.223880597014925,5.223880597014925,0.25196850393700787,0.0,5334000.0,5334000,0.0
2026-03-01,South,SO_D01,Sedan,False,0.0,1.0,32000,32000.0,67.5,64,67,61,37,67,0,31,3,4.6875,4.6875,0.4626865671641791,0.0,2144000.0,2144000,0.0
2026-03-01,South,SO_D01,EV,False,0.0,1.0,48000,48000.0,72.25,74,75,67,33,75,0,25,1,1.3513513513513513,1.3513513513513513,0.3333333333333333,0.0,3600000.0,3600000,0.0
2026-03-01,South,SO_D01,Pickup,True,7.21,1.0577,46000,42682.52,120.0,127,152,118,120,152,0,86,25,19.68503937007874,19.68503937007874,0.5657894736842105,6.92400000000001,6487743.039999999,6992000,504256.9600000009
2026-03-01,South,SO_D02,SUV,False,0.0,1.0,42000,42000.0,126.0,128,115,125,61,115,0,71,-13,-10.15625,10.15625,0.6173913043478261,0.0,4830000.0,4830000,0.0
2026-03-01,South,SO_D02,Sedan,False,0.0,1.0,32000,32000.0,67.5,64,67,61,6,67,0,0,3,4.6875,4.6875,0.0,0.0,2144000.0,2144000,0.0
2026-03-01,South,SO_D02,EV,False,0.0,1.0,48000,48000.0,72.25,65,84,61,39,84,0,16,19,29.230769230769234,29.230769230769234,0.19047619047619047,0.0,4032000.0,4032000,0.0
2026-03-01,South,SO_D02,Pickup,False,0.0,1.0,46000,46000.0,120.0,105,111,105,19,111,0,13,6,5.714285714285714,5.714285714285714,0.11711711711711711,0.0,5106000.0,5106000,0.0
2026-03-01,Midwest,MW_D01,SUV,False,0.0,1.0,42000,42000.0,120.0,112,135,99,101,135,0,65,23,20.535714285714285,20.535714285714285,0.48148148148148145,0.0,5670000.0,5670000,0.0
2026-03-01,Midwest,MW_D01,Sedan,False,0.0,1.0,32000,32000.0,67.5,66,68,61,62,68,0,55,2,3.0303030303030303,3.0303030303030303,0.8088235294117647,0.0,2176000.0,2176000,0.0
2026-03-01,Midwest,MW_D01,EV,False,0.0,1.0,48000,48000.0,68.0,67,74,74,60,74,0,60,7,10.44776119402985,10.44776119402985,0.8108108108108109,0.0,3552000.0,3552000,0.0
2026-03-01,Midwest,MW_D01,Pickup,False,0.0,1.0,46000,46000.0,125.0,140,131,143,155,131,0,167,-9,-6.428571428571428,6.428571428571428,1.2748091603053435,0.0,6026000.0,6026000,0.0
2026-03-01,Midwest,MW_D02,SUV,False,0.0,1.0,42000,42000.0,120.0,128,123,103,60,123,0,40,-5,-3.90625,3.90625,0.3252032520325203,0.0,5166000.0,5166000,0.0
2026-03-01,Midwest,MW_D02,Sedan,False,0.0,1.0,32000,32000.0,67.5,64,63,73,51,63,0,61,-1,-1.5625,1.5625,0.9682539682539683,0.0,2016000.0,2016000,0.0
2026-03-01,Midwest,MW_D02,EV,True,7.38,1.0591,48000,44455.73,68.0,74,71,66,88,71,0,83,-3,-4.054054054054054,4.054054054054054,1.1690140845070423,4.018799999999995,3156356.83,3408000,251643.16999999993
2026-03-01,Midwest,MW_D02,Pickup,True,10.26,1.082,46000,41282.65,125.0,132,143,152,215,143,0,224,11,8.333333333333332,8.333333333333332,1.5664335664335665,10.250000000000009,5903418.95,6578000,674581.0499999998
2026-03-01,West,WE_D01,SUV,False,0.0,1.0,42000,42000.0,126.0,124,122,123,66,122,0,67,-2,-1.6129032258064515,1.6129032258064515,0.5491803278688525,0.0,5124000.0,5124000,0.0
2026-03-01,West,WE_D01,Sedan,False,0.0,1.0,32000,32000.0,71.25,72,65,78,5,65,0,18,-7,-9.722222222222223,9.722222222222223,0.27692307692307694,0.0,2080000.0,2080000,0.0
2026-03-01,West,WE_D01,EV,False,0.0,1.0,48000,48000.0,106.25,110,98,89,24,98,0,15,-12,-10.909090909090908,10.909090909090908,0.15306122448979592,0.0,4704000.0,4704000,0.0
2026-03-01,West,WE_D01,Pickup,False,0.0,1.0,46000,46000.0,90.0,88,100,80,23,100,0,3,12,13.636363636363635,13.636363636363635,0.03,0.0,4600000.0,4600000,0.0
2026-03-01,West,WE_D02,SUV,False,0.0,1.0,42000,42000.0,126.0,134,142,123,74,142,0,55,8,5.970149253731343,5.970149253731343,0.3873239436619718,0.0,5964000.0,5964000,0.0
2026-03-01,West,WE_D02,Sedan,False,0.0,1.0,32000,32000.0,71.25,66,67,61,48,67,0,42,1,1.5151515151515151,1.5151515151515151,0.6268656716417911,0.0,2144000.0,2144000,0.0
2026-03-01,West,WE_D02,EV,True,9.29,1.0743,48000,43543.16,106.25,114,114,103,150,114,0,139,0,0.0,0.0,1.219298245614035,7.894375000000004,4963920.24,5472000,508079.7599999998
2026-03-01,West,WE_D02,Pickup,False,0.0,1.0,46000,46000.0,90.0,104,99,95,21,99,0,17,-5,-4.807692307692308,4.807692307692308,0.1717171717171717,0.0,4554000.0,4554000,0.0
2026-04-01,Northeast,NE_D01,SUV,False,0.0,1.0,42000,42000.0,123.6,125,126,121,17,126,0,12,1,0.8,0.8,0.09523809523809523,0.0,5292000.0,5292000,0.0
2026-04-01,Northeast,NE_D01,Sedan,False,0.0,1.0,32000,32000.0,81.11,88,82,81,43,82,0,42,-6,-6.8181818181818175,6.8181818181818175,0.5121951219512195,0.0,2624000.0,2624000,0.0
2026-04-01,Northeast,NE_D01,EV,True,8.71,1.0697,48000,43818.37,96.31,104,108,100,85,108,0,77,4,3.8461538461538463,3.8461538461538463,0.7129629629629629,6.7128070000000095,4732383.96,5184000,451616.04000000004
2026-04-01,Northeast,NE_D01,Pickup,False,0.0,1.0,46000,46000.0,82.4,85,75,86,48,75,0,59,-10,-11.76470588235294,11.76470588235294,0.7866666666666666,0.0,3450000.0,3450000,0.0
2026-04-01,Northeast,NE_D02,SUV,False,0.0,1.0,42000,42000.0,123.6,123,117,99,40,117,0,22,-6,-4.878048780487805,4.878048780487805,0.18803418803418803,0.0,4914000.0,4914000,0.0
2026-04-01,Northeast,NE_D02,Sedan,False,0.0,1.0,32000,32000.0,81.11,80,86,77,8,85,1,0,6,7.5,7.5,0.0,0.0,2720000.0,2720000,0.0
2026-04-01,Northeast,NE_D02,EV,False,0.0,1.0,48000,48000.0,96.31,92,98,81,54,98,0,37,6,6.521739130434782,6.521739130434782,0.37755102040816324,0.0,4704000.0,4704000,0.0
2026-04-01,Northeast,NE_D02,Pickup,False,0.0,1.0,46000,46000.0,82.4,85,85,82,58,85,0,55,0,0.0,0.0,0.6470588235294118,0.0,3910000.0,3910000,0.0
2026-04-01,South,SO_D01,SUV,False,0.0,1.0,42000,42000.0,129.78,123,131,128,32,131,0,29,8,6.504065040650407,6.504065040650407,0.22137404580152673,0.0,5502000.0,5502000,0.0
2026-04-01,South,SO_D01,Sedan,False,0.0,1.0,32000,32000.0,69.53,72,62,60,31,62,0,29,-10,-13.88888888888889,13.88888888888889,0.46774193548387094,0.0,1984000.0,1984000,0.0
2026-04-01,South,SO_D01,EV,False,0.0,1.0,48000,48000.0,74.42,79,77,74,25,77,0,22,-2,-2.5316455696202533,2.5316455696202533,0.2857142857142857,0.0,3696000.0,3696000,0.0
2026-04-01,South,SO_D01,Pickup,False,0.0,1.0,46000,46000.0,123.6,126,136,135,86,136,0,85,10,7.936507936507936,7.936507936507936,0.625,0.0,6256000.0,6256000,0.0
2026-04-01,South,SO_D02,SUV,False,0.0,1.0,42000,42000.0,129.78,128,135,139,71,135,0,75,7,5.46875,5.46875,0.5555555555555556,0.0,5670000.0,5670000,0.0
2026-04-01,South,SO_D02,Sedan,False,0.0,1.0,32000,32000.0,69.53,71,74,66,0,66,8,0,3,4.225352112676056,4.225352112676056,0.0,0.0,2112000.0,2112000,0.0
2026-04-01,South,SO_D02,EV,False,0.0,1.0,48000,48000.0,74.42,73,69,78,16,69,0,25,-4,-5.47945205479452,5.47945205479452,0.36231884057971014,0.0,3312000.0,3312000,0.0
2026-04-01,South,SO_D02,Pickup,False,0.0,1.0,46000,46000.0,123.6,131,121,132,13,121,0,24,-10,-7.633587786259542,7.633587786259542,0.19834710743801653,0.0,5566000.0,5566000,0.0
2026-04-01,Midwest,MW_D01,SUV,False,0.0,1.0,42000,42000.0,123.6,110,119,108,65,119,0,54,9,8.181818181818182,8.181818181818182,0.453781512605042,0.0,4998000.0,4998000,0.0
2026-04-01,Midwest,MW_D01,Sedan,False,0.0,1.0,32000,32000.0,69.53,68,67,63,55,67,0,51,-1,-1.4705882352941175,1.4705882352941175,0.7611940298507462,0.0,2144000.0,2144000,0.0
2026-04-01,Midwest,MW_D01,EV,False,0.0,1.0,48000,48000.0,70.04,62,67,62,60,67,0,55,5,8.064516129032258,8.064516129032258,0.8208955223880597,0.0,3216000.0,3216000,0.0
2026-04-01,Midwest,MW_D01,Pickup,True,5.99,1.0479,46000,43245.2,128.75,123,141,129,167,141,0,155,18,14.634146341463413,14.634146341463413,1.099290780141844,6.167125000000007,6097573.199999999,6486000,388426.80000000075
2026-04-01,Midwest,MW_D02,SUV,False,0.0,1.0,42000,42000.0,123.6,134,129,122,40,129,0,33,-5,-3.731343283582089,3.731343283582089,0.2558139534883721,0.0,5418000.0,5418000,0.0
2026-04-01,Midwest,MW_D02,Sedan,False,0.0,1.0,32000,32000.0,69.53,73,74,75,61,74,0,62,1,1.36986301369863,1.36986301369863,0.8378378378378378,0.0,2368000.0,2368000,0.0
2026-04-01,Midwest,MW_D02,EV,True,7.68,1.0614,48000,44313.03,70.04,71,85,61,83,85,0,59,14,19.718309859154928,19.718309859154928,0.6941176470588235,4.300455999999993,3766607.55,4080000,313392.4500000002
2026-04-01,Midwest,MW_D02,Pickup,False,0.0,1.0,46000,46000.0,128.75,117,131,101,224,131,0,194,14,11.965811965811966,11.965811965811966,1.4809160305343512,0.0,6026000.0,6026000,0.0
2026-04-01,West,WE_D01,SUV,False,0.0,1.0,42000,42000.0,129.78,107,135,111,67,135,0,43,28,26.168224299065418,26.168224299065418,0.31851851851851853,0.0,5670000.0,5670000,0.0
2026-04-01,West,WE_D01,Sedan,False,0.0,1.0,32000,32000.0,73.39,71,74,68,18,74,0,12,3,4.225352112676056,4.225352112676056,0.16216216216216217,0.0,2368000.0,2368000,0.0
2026-04-01,West,WE_D01,EV,False,0.0,1.0,48000,48000.0,109.44,125,95,112,15,95,0,32,-30,-24.0,24.0,0.3368421052631579,0.0,4560000.0,4560000,0.0
2026-04-01,West,WE_D01,Pickup,False,0.0,1.0,46000,46000.0,92.7,95,85,96,3,85,0,14,-10,-10.526315789473683,10.526315789473683,0.16470588235294117,0.0,3910000.0,3910000,0.0
2026-04-01,West,WE_D02,SUV,False,0.0,1.0,42000,42000.0,129.78,125,135,131,55,135,0,51,10,8.0,8.0,0.37777777777777777,0.0,5670000.0,5670000,0.0
2026-04-01,West,WE_D02,Sedan,False,0.0,1.0,32000,32000.0,73.39,75,71,74,42,71,0,45,-4,-5.333333333333334,5.333333333333334,0.6338028169014085,0.0,2272000.0,2272000,0.0
2026-04-01,West,WE_D02,EV,False,0.0,1.0,48000,48000.0,109.44,99,109,112,139,109,0,142,10,10.1010101010101,10.1010101010101,1.3027522935779816,0.0,5232000.0,5232000,0.0
2026-04-01,West,WE_D02,Pickup,False,0.0,1.0,46000,46000.0,92.7,91,82,83,17,82,0,18,-9,-9.89010989010989,9.89010989010989,0.21951219512195122,0.0,3772000.0,3772000,0.0
2026-05-01,Northeast,NE_D01,SUV,False,0.0,1.0,42000,42000.0,126.0,127,129,116,12,128,1,0,2,1.574803149606299,1.574803149606299,0.0,0.0,5376000.0,5376000,0.0
2026-05-01,Northeast,NE_D01,Sedan,False,0.0,1.0,32000,32000.0,82.69,82,81,88,42,81,0,49,-1,-1.2195121951219512,1.2195121951219512,0.6049382716049383,0.0,2592000.0,2592000,0.0
2026-05-01,Northeast,NE_D01,EV,False,0.0,1.0,48000,48000.0,98.18,103,100,91,77,100,0,68,-3,-2.912621359223301,2.912621359223301,0.68,0.0,4800000.0,4800000,0.0
2026-05-01,Northeast,NE_D01,Pickup,False,0.0,1.0,46000,46000.0,84.0,86,85,90,59,85,0,64,-1,-1.1627906976744187,1.1627906976744187,0.7529411764705882,0.0,3910000.0,3910000,0.0
2026-05-01,Northeast,NE_D02,SUV,False,0.0,1.0,42000,42000.0,126.0,131,110,107,22,110,0,19,-21,-16.030534351145036,16.030534351145036,0.17272727272727273,0.0,4620000.0,4620000,0.0
2026-05-01,Northeast,NE_D02,Sedan,False,0.0,1.0,32000,32000.0,82.69,79,90,70,0,70,20,0,11,13.924050632911392,13.924050632911392,0.0,0.0,2240000.0,2240000,0.0
2026-05-01,Northeast,NE_D02,EV,False,0.0,1.0,48000,48000.0,98.18,103,88,99,37,88,0,48,-15,-14.563106796116504,14.563106796116504,0.5454545454545454,0.0,4224000.0,4224000,0.0
2026-05-01,Northeast,NE_D02,Pickup,False,0.0,1.0,46000,46000.0,84.0,92,82,86,55,82,0,59,-10,-10.869565217391305,10.869565217391305,0.7195121951219512,0.0,3772000.0,3772000,0.0
2026-05-01,South,SO_D01,SUV,False,0.0,1.0,42000,42000.0,132.3,125,127,142,29,127,0,44,2,1.6,1.6,0.3464566929133858,0.0,5334000.0,5334000,0.0
2026-05-01,South,SO_D01,Sedan,False,0.0,1.0,32000,32000.0,70.88,67,77,59,29,77,0,11,10,14.925373134328357,14.925373134328357,0.14285714285714285,0.0,2464000.0,2464000,0.0
2026-05-01,South,SO_D01,EV,False,0.0,1.0,48000,48000.0,75.86,82,77,80,22,77,0,25,-5,-6.097560975609756,6.097560975609756,0.3246753246753247,0.0,3696000.0,3696000,0.0
2026-05-01,South,SO_D01,Pickup,False,0.0,1.0,46000,46000.0,126.0,125,136,124,85,136,0,73,11,8.799999999999999,8.799999999999999,0.5367647058823529,0.0,6256000.0,6256000,0.0
2026-05-01,South,SO_D02,SUV,False,0.0,1.0,42000,42000.0,132.3,143,134,139,75,134,0,80,-9,-6.293706293706294,6.293706293706294,0.5970149253731343,0.0,5628000.0,5628000,0.0
2026-05-01,South,SO_D02,Sedan,False,0.0,1.0,32000,32000.0,70.88,69,71,75,0,71,0,4,2,2.898550724637681,2.898550724637681,0.056338028169014086,0.0,2272000.0,2272000,0.0
2026-05-01,South,SO_D02,EV,False,0.0,1.0,48000,48000.0,75.86,82,71,76,25,71,0,30,-11,-13.414634146341465,13.414634146341465,0.4225352112676056,0.0,3408000.0,3408000,0.0
2026-05-01,South,SO_D02,Pickup,False,0.0,1.0,46000,46000.0,126.0,127,121,118,24,121,0,21,-6,-4.724409448818897,4.724409448818897,0.17355371900826447,0.0,5566000.0,5566000,0.0
2026-05-01,Midwest,MW_D01,SUV,False,0.0,1.0,42000,42000.0,126.0,128,126,113,54,126,0,41,-2,-1.5625,1.5625,0.3253968253968254,0.0,5292000.0,5292000,0.0
2026-05-01,Midwest,MW_D01,Sedan,False,0.0,1.0,32000,32000.0,70.88,78,72,83,51,72,0,62,-6,-7.6923076923076925,7.6923076923076925,0.8611111111111112,0.0,2304000.0,2304000,0.0
2026-05-01,Midwest,MW_D01,EV,False,0.0,1.0,48000,48000.0,71.4,70,68,70,55,68,0,57,-2,-2.857142857142857,2.857142857142857,0.8382352941176471,0.0,3264000.0,3264000,0.0
2026-05-01,Midwest,MW_D01,Pickup,False,0.0,1.0,46000,46000.0,131.25,124,146,125,155,146,0,134,22,17.741935483870968,17.741935483870968,0.9178082191780822,0.0,6716000.0,6716000,0.0
2026-05-01,Midwest,MW_D02,SUV,False,0.0,1.0,42000,42000.0,126.0,123,129,123,33,129,0,27,6,4.878048780487805,4.878048780487805,0.20930232558139536,0.0,5418000.0,5418000,0.0
2026-05-01,Midwest,MW_D02,Sedan,False,0.0,1.0,32000,32000.0,70.88,73,65,64,62,65,0,61,-8,-10.95890410958904,10.95890410958904,0.9384615384615385,0.0,2080000.0,2080000,0.0
2026-05-01,Midwest,MW_D02,EV,False,0.0,1.0,48000,48000.0,71.4,65,80,67,59,80,0,46,15,23.076923076923077,23.076923076923077,0.575,0.0,3840000.0,3840000,0.0
2026-05-01,Midwest,MW_D02,Pickup,False,0.0,1.0,46000,46000.0,131.25,136,114,138,194,114,0,218,-22,-16.176470588235293,16.176470588235293,1.912280701754386,0.0,5244000.0,5244000,0.0
2026-05-01,West,WE_D01,SUV,False,0.0,1.0,42000,42000.0,132.3,128,137,144,43,137,0,50,9,7.03125,7.03125,0.36496350364963503,0.0,5754000.0,5754000,0.0
2026-05-01,West,WE_D01,Sedan,False,0.0,1.0,32000,32000.0,74.81,80,72,82,12,72,0,22,-8,-10.0,10.0,0.3055555555555556,0.0,2304000.0,2304000,0.0
2026-05-01,West,WE_D01,EV,False,0.0,1.0,48000,48000.0,111.56,96,126,87,32,119,7,0,30,31.25,31.25,0.0,0.0,5712000.0,5712000,0.0
2026-05-01,West,WE_D01,Pickup,False,0.0,1.0,46000,46000.0,94.5,90,101,86,14,100,1,0,11,12.222222222222221,12.222222222222221,0.0,0.0,4600000.0,4600000,0.0
2026-05-01,West,WE_D02,SUV,False,0.0,1.0,42000,42000.0,132.3,119,120,138,51,120,0,69,1,0.8403361344537815,0.8403361344537815,0.575,0.0,5040000.0,5040000,0.0
2026-05-01,West,WE_D02,Sedan,False,0.0,1.0,32000,32000.0,74.81,71,81,61,45,81,0,25,10,14.084507042253522,14.084507042253522,0.30864197530864196,0.0,2592000.0,2592000,0.0
2026-05-01,West,WE_D02,EV,False,0.0,1.0,48000,48000.0,111.56,113,94,96,142,94,0,144,-19,-16.8141592920354,16.8141592920354,1.5319148936170213,0.0,4512000.0,4512000,0.0
2026-05-01,West,WE_D02,Pickup,False,0.0,1.0,46000,46000.0,94.5,93,101,93,18,101,0,10,8,8.60215053763441,8.60215053763441,0.09900990099009901,0.0,4646000.0,4646000,0.0
2026-06-01,Northeast,NE_D01,SUV,False,0.0,1.0,42000,42000.0,129.6,128,129,144,0,129,0,15,1,0.78125,0.78125,0.11627906976744186,0.0,5418000.0,5418000,0.0
2026-06-01,Northeast,NE_D01,Sedan,False,0.0,1.0,32000,32000.0,85.05,84,79,83,49,79,0,53,-5,-5.952380952380952,5.952380952380952,0.6708860759493671,0.0,2528000.0,2528000,0.0
2026-06-01,Northeast,NE_D01,EV,False,0.0,1.0,48000,48000.0,100.98,102,109,88,68,109,0,47,7,6.862745098039216,6.862745098039216,0.43119266055045874,0.0,5232000.0,5232000,0.0
2026-06-01,Northeast,NE_D01,Pickup,False,0.0,1.0,46000,46000.0,86.4,81,92,97,64,92,0,69,11,13.580246913580247,13.580246913580247,0.75,0.0,4232000.0,4232000,0.0
2026-06-01,Northeast,NE_D02,SUV,False,0.0,1.0,42000,42000.0,129.6,135,132,122,19,132,0,9,-3,-2.2222222222222223,2.2222222222222223,0.06818181818181818,0.0,5544000.0,5544000,0.0
2026-06-01,Northeast,NE_D02,Sedan,False,0.0,1.0,32000,32000.0,85.05,88,87,93,0,87,0,6,-1,-1.1363636363636365,1.1363636363636365,0.06896551724137931,0.0,2784000.0,2784000,0.0
2026-06-01,Northeast,NE_D02,EV,False,0.0,1.0,48000,48000.0,100.98,103,104,116,48,104,0,60,1,0.9708737864077669,0.9708737864077669,0.5769230769230769,0.0,4992000.0,4992000,0.0
2026-06-01,Northeast,NE_D02,Pickup,False,0.0,1.0,46000,46000.0,86.4,89,84,88,59,84,0,63,-5,-5.617977528089887,5.617977528089887,0.75,0.0,3864000.0,3864000,0.0
2026-06-01,South,SO_D01,SUV,False,0.0,1.0,42000,42000.0,136.08,139,142,145,44,142,0,47,3,2.158273381294964,2.158273381294964,0.33098591549295775,0.0,5964000.0,5964000,0.0
2026-06-01,South,SO_D01,Sedan,False,0.0,1.0,32000,32000.0,72.9,82,62,92,11,62,0,41,-20,-24.390243902439025,24.390243902439025,0.6612903225806451,0.0,1984000.0,1984000,0.0
2026-06-01,South,SO_D01,EV,False,0.0,1.0,48000,48000.0,78.03,78,57,67,25,57,0,35,-21,-26.923076923076923,26.923076923076923,0.6140350877192983,0.0,2736000.0,2736000,0.0
2026-06-01,South,SO_D01,Pickup,False,0.0,1.0,46000,46000.0,129.6,127,134,134,73,134,0,73,7,5.511811023622047,5.511811023622047,0.5447761194029851,0.0,6164000.0,6164000,0.0
2026-06-01,South,SO_D02,SUV,False,0.0,1.0,42000,42000.0,136.08,130,140,143,80,140,0,83,10,7.6923076923076925,7.6923076923076925,0.5928571428571429,0.0,5880000.0,5880000,0.0
2026-06-01,South,SO_D02,Sedan,False,0.0,1.0,32000,32000.0,72.9,68,69,75,4,69,0,10,1,1.4705882352941175,1.4705882352941175,0.14492753623188406,0.0,2208000.0,2208000,0.0
2026-06-01,South,SO_D02,EV,False,0.0,1.0,48000,48000.0,78.03,72,71,68,30,71,0,27,-1,-1.3888888888888888,1.3888888888888888,0.38028169014084506,0.0,3408000.0,3408000,0.0
2026-06-01,South,SO_D02,Pickup,False,0.0,1.0,46000,46000.0,129.6,123,143,126,21,143,0,4,20,16.260162601626014,16.260162601626014,0.027972027972027972,0.0,6578000.0,6578000,0.0
2026-06-01,Midwest,MW_D01,SUV,False,0.0,1.0,42000,42000.0,129.6,129,124,119,41,124,0,36,-5,-3.875968992248062,3.875968992248062,0.2903225806451613,0.0,5208000.0,5208000,0.0
2026-06-01,Midwest,MW_D01,Sedan,False,0.0,1.0,32000,32000.0,72.9,74,69,68,62,69,0,61,-5,-6.756756756756757,6.756756756756757,0.8840579710144928,0.0,2208000.0,2208000,0.0
2026-06-01,Midwest,MW_D01,EV,False,0.0,1.0,48000,48000.0,73.44,74,68,66,57,68,0,55,-6,-8.108108108108109,8.108108108108109,0.8088235294117647,0.0,3264000.0,3264000,0.0
2026-06-01,Midwest,MW_D01,Pickup,False,0.0,1.0,46000,46000.0,135.0,129,144,135,134,144,0,125,15,11.627906976744185,11.627906976744185,0.8680555555555556,0.0,6624000.0,6624000,0.0
2026-06-01,Midwest,MW_D02,SUV,False,0.0,1.0,42000,42000.0,129.6,137,107,137,27,107,0,57,-30,-21.897810218978105,21.897810218978105,0.5327102803738317,0.0,4494000.0,4494000,0.0
2026-06-01,Midwest,MW_D02,Sedan,False,0.0,1.0,32000,32000.0,72.9,76,72,83,61,72,0,72,-4,-5.263157894736842,5.263157894736842,1.0,0.0,2304000.0,2304000,0.0
2026-06-01,Midwest,MW_D02,EV,False,0.0,1.0,48000,48000.0,73.44,73,69,54,46,69,0,31,-4,-5.47945205479452,5.47945205479452,0.4492753623188406,0.0,3312000.0,3312000,0.0
2026-06-01,Midwest,MW_D02,Pickup,True,11.29,1.0904,46000,40804.34,135.0,141,146,126,218,146,0,198,5,3.546099290780142,3.546099290780142,1.356164383561644,12.204000000000004,5957433.64,6716000,758566.3600000003
2026-06-01,West,WE_D01,SUV,False,0.0,1.0,42000,42000.0,136.08,141,143,143,50,143,0,50,2,1.4184397163120568,1.4184397163120568,0.34965034965034963,0.0,6006000.0,6006000,0.0
2026-06-01,West,WE_D01,Sedan,False,0.0,1.0,32000,32000.0,76.95,78,74,90,22,74,0,38,-4,-5.128205128205128,5.128205128205128,0.5135135135135135,0.0,2368000.0,2368000,0.0
2026-06-01,West,WE_D01,EV,False,0.0,1.0,48000,48000.0,114.75,105,112,96,0,96,16,0,7,6.666666666666667,6.666666666666667,0.0,0.0,4608000.0,4608000,0.0
2026-06-01,West,WE_D01,Pickup,False,0.0,1.0,46000,46000.0,97.2,97,83,78,0,78,5,0,-14,-14.432989690721648,14.432989690721648,0.0,0.0,3588000.0,3588000,0.0
2026-06-01,West,WE_D02,SUV,False,0.0,1.0,42000,42000.0,136.08,138,130,128,69,130,0,67,-8,-5.797101449275362,5.797101449275362,0.5153846153846153,0.0,5460000.0,5460000,0.0
2026-06-01,West,WE_D02,Sedan,False,0.0,1.0,32000,32000.0,76.95,73,70,71,25,70,0,26,-3,-4.10958904109589,4.10958904109589,0.37142857142857144,0.0,2240000.0,2240000,0.0
2026-06-01,West,WE_D02,EV,True,5.68,1.0454,48000,45274.79,114.75,121,122,129,144,122,0,151,1,0.8264462809917356,0.8264462809917356,1.2377049180327868,5.209650000000012,5523524.38,5856000,332475.6200000001
2026-06-01,West,WE_D02,Pickup,False,0.0,1.0,46000,46000.0,97.2,89,95,97,10,95,0,12,6,6.741573033707865,6.741573033707865,0.12631578947368421,0.0,4370000.0,4370000,0.0
2026-07-01,Northeast,NE_D01,SUV,False,0.0,1.0,42000,42000.0,126.0,136,122,143,15,122,0,36,-14,-10.294117647058822,10.294117647058822,0.29508196721311475,0.0,5124000.0,5124000,0.0
2026-07-01,Northeast,NE_D01,Sedan,False,0.0,1.0,32000,32000.0,82.69,89,84,87,53,84,0,56,-5,-5.617977528089887,5.617977528089887,0.6666666666666666,0.0,2688000.0,2688000,0.0
2026-07-01,Northeast,NE_D01,EV,False,0.0,1.0,48000,48000.0,98.18,97,91,115,47,91,0,71,-6,-6.185567010309279,6.185567010309279,0.7802197802197802,0.0,4368000.0,4368000,0.0
2026-07-01,Northeast,NE_D01,Pickup,False,0.0,1.0,46000,46000.0,84.0,86,76,79,69,76,0,72,-10,-11.627906976744185,11.627906976744185,0.9473684210526315,0.0,3496000.0,3496000,0.0
2026-07-01,Northeast,NE_D02,SUV,False,0.0,1.0,42000,42000.0,126.0,108,100,106,9,100,0,15,-8,-7.4074074074074066,7.4074074074074066,0.15,0.0,4200000.0,4200000,0.0
2026-07-01,Northeast,NE_D02,Sedan,False,0.0,1.0,32000,32000.0,82.69,77,82,80,6,82,0,4,5,6.493506493506493,6.493506493506493,0.04878048780487805,0.0,2624000.0,2624000,0.0
2026-07-01,Northeast,NE_D02,EV,False,0.0,1.0,48000,48000.0,98.18,96,98,90,60,98,0,52,2,2.083333333333333,2.083333333333333,0.5306122448979592,0.0,4704000.0,4704000,0.0
2026-07-01,Northeast,NE_D02,Pickup,False,0.0,1.0,46000,46000.0,84.0,79,84,76,63,84,0,55,5,6.329113924050633,6.329113924050633,0.6547619047619048,0.0,3864000.0,3864000,0.0
2026-07-01,South,SO_D01,SUV,False,0.0,1.0,42000,42000.0,132.3,138,126,145,47,126,0,66,-12,-8.695652173913043,8.695652173913043,0.5238095238095238,0.0,5292000.0,5292000,0.0
2026-07-01,South,SO_D01,Sedan,False,0.0,1.0,32000,32000.0,70.88,79,77,71,41,77,0,35,-2,-2.5316455696202533,2.5316455696202533,0.45454545454545453,0.0,2464000.0,2464000,0.0
2026-07-01,South,SO_D01,EV,False,0.0,1.0,48000,48000.0,75.86,71,71,69,35,71,0,33,0,0.0,0.0,0.4647887323943662,0.0,3408000.0,3408000,0.0
2026-07-01,South,SO_D01,Pickup,False,0.0,1.0,46000,46000.0,126.0,120,144,116,73,144,0,45,24,20.0,20.0,0.3125,0.0,6624000.0,6624000,0.0
2026-07-01,South,SO_D02,SUV,False,0.0,1.0,42000,42000.0,132.3,134,129,162,83,129,0,116,-5,-3.731343283582089,3.731343283582089,0.8992248062015504,0.0,5418000.0,5418000,0.0
2026-07-01,South,SO_D02,Sedan,False,0.0,1.0,32000,32000.0,70.88,78,66,83,10,66,0,27,-12,-15.384615384615385,15.384615384615385,0.4090909090909091,0.0,2112000.0,2112000,0.0
2026-07-01,South,SO_D02,EV,False,0.0,1.0,48000,48000.0,75.86,70,73,64,27,73,0,18,3,4.285714285714286,4.285714285714286,0.2465753424657534,0.0,3504000.0,3504000,0.0
2026-07-01,South,SO_D02,Pickup,False,0.0,1.0,46000,46000.0,126.0,128,125,136,4,125,0,15,-3,-2.34375,2.34375,0.12,0.0,5750000.0,5750000,0.0
2026-07-01,Midwest,MW_D01,SUV,False,0.0,1.0,42000,42000.0,126.0,140,130,124,36,130,0,30,-10,-7.142857142857142,7.142857142857142,0.23076923076923078,0.0,5460000.0,5460000,0.0
2026-07-01,Midwest,MW_D01,Sedan,False,0.0,1.0,32000,32000.0,70.88,64,81,66,61,81,0,46,17,26.5625,26.5625,0.5679012345679012,0.0,2592000.0,2592000,0.0
2026-07-01,Midwest,MW_D01,EV,False,0.0,1.0,48000,48000.0,71.4,66,72,54,55,72,0,37,6,9.090909090909092,9.090909090909092,0.5138888888888888,0.0,3456000.0,3456000,0.0
2026-07-01,Midwest,MW_D01,Pickup,False,0.0,1.0,46000,46000.0,131.25,128,139,136,125,139,0,122,11,8.59375,8.59375,0.8776978417266187,0.0,6394000.0,6394000,0.0
2026-07-01,Midwest,MW_D02,SUV,False,0.0,1.0,42000,42000.0,126.0,122,135,119,57,135,0,41,13,10.655737704918032,10.655737704918032,0.3037037037037037,0.0,5670000.0,5670000,0.0
2026-07-01,Midwest,MW_D02,Sedan,False,0.0,1.0,32000,32000.0,70.88,74,73,63,72,73,0,62,-1,-1.3513513513513513,1.3513513513513513,0.8493150684931506,0.0,2336000.0,2336000,0.0
2026-07-01,Midwest,MW_D02,EV,False,0.0,1.0,48000,48000.0,71.4,72,82,74,31,82,0,23,10,13.88888888888889,13.88888888888889,0.2804878048780488,0.0,3936000.0,3936000,0.0
2026-07-01,Midwest,MW_D02,Pickup,False,0.0,1.0,46000,46000.0,131.25,117,128,125,198,128,0,195,11,9.401709401709402,9.401709401709402,1.5234375,0.0,5888000.0,5888000,0.0
2026-07-01,West,WE_D01,SUV,False,0.0,1.0,42000,42000.0,132.3,136,126,140,50,126,0,64,-10,-7.352941176470589,7.352941176470589,0.5079365079365079,0.0,5292000.0,5292000,0.0
2026-07-01,West,WE_D01,Sedan,False,0.0,1.0,32000,32000.0,74.81,72,67,72,38,67,0,43,-5,-6.944444444444445,6.944444444444445,0.6417910447761194,0.0,2144000.0,2144000,0.0
2026-07-01,West,WE_D01,EV,False,0.0,1.0,48000,48000.0,111.56,120,109,103,0,103,6,0,-11,-9.166666666666666,9.166666666666666,0.0,0.0,4944000.0,4944000,0.0
2026-07-01,West,WE_D01,Pickup,False,0.0,1.0,46000,46000.0,94.5,91,78,97,0,78,0,19,-13,-14.285714285714285,14.285714285714285,0.24358974358974358,0.0,3588000.0,3588000,0.0
2026-07-01,West,WE_D02,SUV,False,0.0,1.0,42000,42000.0,132.3,127,139,99,67,139,0,27,12,9.448818897637794,9.448818897637794,0.19424460431654678,0.0,5838000.0,5838000,0.0
2026-07-01,West,WE_D02,Sedan,False,0.0,1.0,32000,32000.0,74.81,77,71,72,26,71,0,27,-6,-7.792207792207792,7.792207792207792,0.38028169014084506,0.0,2272000.0,2272000,0.0
2026-07-01,West,WE_D02,EV,False,0.0,1.0,48000,48000.0,111.56,117,117,138,151,117,0,172,0,0.0,0.0,1.4700854700854702,0.0,5616000.0,5616000,0.0
2026-07-01,West,WE_D02,Pickup,False,0.0,1.0,46000,46000.0,94.5,97,97,83,12,95,2,0,0,0.0,0.0,0.0,0.0,4370000.0,4370000,0.0
2026-08-01,Northeast,NE_D01,SUV,False,0.0,1.0,42000,42000.0,123.6,111,112,90,36,112,0,14,1,0.9009009009009009,0.9009009009009009,0.125,0.0,4704000.0,4704000,0.0
2026-08-01,Northeast,NE_D01,Sedan,False,0.0,1.0,32000,32000.0,81.11,84,95,75,56,95,0,36,11,13.095238095238097,13.095238095238097,0.37894736842105264,0.0,3040000.0,3040000,0.0
2026-08-01,Northeast,NE_D01,EV,False,0.0,1.0,48000,48000.0,96.31,90,90,92,71,90,0,73,0,0.0,0.0,0.8111111111111111,0.0,4320000.0,4320000,0.0
2026-08-01,Northeast,NE_D01,Pickup,False,0.0,1.0,46000,46000.0,82.4,84,77,82,72,77,0,77,-7,-8.333333333333332,8.333333333333332,1.0,0.0,3542000.0,3542000,0.0
2026-08-01,Northeast,NE_D02,SUV,False,0.0,1.0,42000,42000.0,123.6,113,119,123,15,119,0,19,6,5.3097345132743365,5.3097345132743365,0.15966386554621848,0.0,4998000.0,4998000,0.0
2026-08-01,Northeast,NE_D02,Sedan,False,0.0,1.0,32000,32000.0,81.11,83,84,82,4,84,0,2,1,1.2048192771084338,1.2048192771084338,0.023809523809523808,0.0,2688000.0,2688000,0.0
2026-08-01,Northeast,NE_D02,EV,False,0.0,1.0,48000,48000.0,96.31,92,88,81,52,88,0,45,-4,-4.3478260869565215,4.3478260869565215,0.5113636363636364,0.0,4224000.0,4224000,0.0
2026-08-01,Northeast,NE_D02,Pickup,False,0.0,1.0,46000,46000.0,82.4,76,88,82,55,88,0,49,12,15.789473684210526,15.789473684210526,0.5568181818181818,0.0,4048000.0,4048000,0.0
2026-08-01,South,SO_D01,SUV,False,0.0,1.0,42000,42000.0,129.78,135,131,126,66,131,0,61,-4,-2.9629629629629632,2.9629629629629632,0.46564885496183206,0.0,5502000.0,5502000,0.0
2026-08-01,South,SO_D01,Sedan,False,0.0,1.0,32000,32000.0,69.53,71,68,75,35,68,0,42,-3,-4.225352112676056,4.225352112676056,0.6176470588235294,0.0,2176000.0,2176000,0.0
2026-08-01,South,SO_D01,EV,False,0.0,1.0,48000,48000.0,74.42,72,68,81,33,68,0,46,-4,-5.555555555555555,5.555555555555555,0.6764705882352942,0.0,3264000.0,3264000,0.0
2026-08-01,South,SO_D01,Pickup,False,0.0,1.0,46000,46000.0,123.6,134,124,139,45,124,0,60,-10,-7.462686567164178,7.462686567164178,0.4838709677419355,0.0,5704000.0,5704000,0.0
2026-08-01,South,SO_D02,SUV,False,0.0,1.0,42000,42000.0,129.78,126,127,140,116,127,0,129,1,0.7936507936507936,0.7936507936507936,1.015748031496063,0.0,5334000.0,5334000,0.0
2026-08-01,South,SO_D02,Sedan,False,0.0,1.0,32000,32000.0,69.53,70,58,61,27,58,0,30,-12,-17.142857142857142,17.142857142857142,0.5172413793103449,0.0,1856000.0,1856000,0.0
2026-08-01,South,SO_D02,EV,False,0.0,1.0,48000,48000.0,74.42,76,76,72,18,76,0,14,0,0.0,0.0,0.18421052631578946,0.0,3648000.0,3648000,0.0
2026-08-01,South,SO_D02,Pickup,False,0.0,1.0,46000,46000.0,123.6,119,114,120,15,114,0,21,-5,-4.201680672268908,4.201680672268908,0.18421052631578946,0.0,5244000.0,5244000,0.0
2026-08-01,Midwest,MW_D01,SUV,False,0.0,1.0,42000,42000.0,123.6,127,120,111,30,120,0,21,-7,-5.511811023622047,5.511811023622047,0.175,0.0,5040000.0,5040000,0.0
2026-08-01,Midwest,MW_D01,Sedan,False,0.0,1.0,32000,32000.0,69.53,67,65,75,46,65,0,56,-2,-2.9850746268656714,2.9850746268656714,0.8615384615384616,0.0,2080000.0,2080000,0.0
2026-08-01,Midwest,MW_D01,EV,False,0.0,1.0,48000,48000.0,70.04,68,68,75,37,68,0,44,0,0.0,0.0,0.6470588235294118,0.0,3264000.0,3264000,0.0
2026-08-01,Midwest,MW_D01,Pickup,False,0.0,1.0,46000,46000.0,128.75,139,124,144,122,124,0,142,-15,-10.79136690647482,10.79136690647482,1.1451612903225807,0.0,5704000.0,5704000,0.0
2026-08-01,Midwest,MW_D02,SUV,False,0.0,1.0,42000,42000.0,123.6,116,120,121,41,120,0,42,4,3.4482758620689653,3.4482758620689653,0.35,0.0,5040000.0,5040000,0.0
2026-08-01,Midwest,MW_D02,Sedan,False,0.0,1.0,32000,32000.0,69.53,59,67,58,62,67,0,53,8,13.559322033898304,13.559322033898304,0.7910447761194029,0.0,2144000.0,2144000,0.0
2026-08-01,Midwest,MW_D02,EV,False,0.0,1.0,48000,48000.0,70.04,77,66,68,23,66,0,25,-11,-14.285714285714285,14.285714285714285,0.3787878787878788,0.0,3168000.0,3168000,0.0
2026-08-01,Midwest,MW_D02,Pickup,False,0.0,1.0,46000,46000.0,128.75,148,139,137,195,139,0,193,-9,-6.081081081081082,6.081081081081082,1.3884892086330936,0.0,6394000.0,6394000,0.0
2026-08-01,West,WE_D01,SUV,False,0.0,1.0,42000,42000.0,129.78,127,134,122,64,134,0,52,7,5.511811023622047,5.511811023622047,0.3880597014925373,0.0,5628000.0,5628000,0.0
2026-08-01,West,WE_D01,Sedan,False,0.0,1.0,32000,32000.0,73.39,65,76,66,43,76,0,33,11,16.923076923076923,16.923076923076923,0.4342105263157895,0.0,2432000.0,2432000,0.0
2026-08-01,West,WE_D01,EV,False,0.0,1.0,48000,48000.0,109.44,107,121,104,0,104,17,0,14,13.084112149532709,13.084112149532709,0.0,0.0,4992000.0,4992000,0.0
2026-08-01,West,WE_D01,Pickup,False,0.0,1.0,46000,46000.0,92.7,91,88,93,19,88,0,24,-3,-3.296703296703297,3.296703296703297,0.2727272727272727,0.0,4048000.0,4048000,0.0
2026-08-01,West,WE_D02,SUV,False,0.0,1.0,42000,42000.0,129.78,128,134,110,27,134,0,3,6,4.6875,4.6875,0.022388059701492536,0.0,5628000.0,5628000,0.0
2026-08-01,West,WE_D02,Sedan,False,0.0,1.0,32000,32000.0,73.39,68,70,62,27,70,0,19,2,2.941176470588235,2.941176470588235,0.2714285714285714,0.0,2240000.0,2240000,0.0
2026-08-01,West,WE_D02,EV,False,0.0,1.0,48000,48000.0,109.44,113,102,114,172,102,0,184,-11,-9.734513274336283,9.734513274336283,1.803921568627451,0.0,4896000.0,4896000,0.0
2026-08-01,West,WE_D02,Pickup,False,0.0,1.0,46000,46000.0,92.7,96,102,104,0,102,0,2,6,6.25,6.25,0.0196078431372549,0.0,4692000.0,4692000,0.0
2026-09-01,Northeast,NE_D01,SUV,False,0.0,1.0,42000,42000.0,120.0,109,111,91,14,105,6,0,2,1.834862385321101,1.834862385321101,0.0,0.0,4410000.0,4410000,0.0
2026-09-01,Northeast,NE_D01,Sedan,False,0.0,1.0,32000,32000.0,78.75,82,94,84,36,94,0,26,12,14.634146341463413,14.634146341463413,0.2765957446808511,0.0,3008000.0,3008000,0.0
2026-09-01,Northeast,NE_D01,EV,False,0.0,1.0,48000,48000.0,93.5,105,111,111,73,111,0,73,6,5.714285714285714,5.714285714285714,0.6576576576576577,0.0,5328000.0,5328000,0.0
2026-09-01,Northeast,NE_D01,Pickup,False,0.0,1.0,46000,46000.0,80.0,81,66,80,77,66,0,91,-15,-18.51851851851852,18.51851851851852,1.378787878787879,0.0,3036000.0,3036000,0.0
2026-09-01,Northeast,NE_D02,SUV,False,0.0,1.0,42000,42000.0,120.0,118,128,118,19,128,0,9,10,8.47457627118644,8.47457627118644,0.0703125,0.0,5376000.0,5376000,0.0
2026-09-01,Northeast,NE_D02,Sedan,False,0.0,1.0,32000,32000.0,78.75,78,73,74,2,73,0,3,-5,-6.41025641025641,6.41025641025641,0.0410958904109589,0.0,2336000.0,2336000,0.0
2026-09-01,Northeast,NE_D02,EV,False,0.0,1.0,48000,48000.0,93.5,97,97,96,45,97,0,44,0,0.0,0.0,0.4536082474226804,0.0,4656000.0,4656000,0.0
2026-09-01,Northeast,NE_D02,Pickup,False,0.0,1.0,46000,46000.0,80.0,72,81,69,49,81,0,37,9,12.5,12.5,0.4567901234567901,0.0,3726000.0,3726000,0.0
2026-09-01,South,SO_D01,SUV,False,0.0,1.0,42000,42000.0,126.0,127,100,107,61,100,0,68,-27,-21.25984251968504,21.25984251968504,0.68,0.0,4200000.0,4200000,0.0
2026-09-01,South,SO_D01,Sedan,False,0.0,1.0,32000,32000.0,67.5,66,68,74,42,68,0,48,2,3.0303030303030303,3.0303030303030303,0.7058823529411765,0.0,2176000.0,2176000,0.0
2026-09-01,South,SO_D01,EV,False,0.0,1.0,48000,48000.0,72.25,80,80,82,46,80,0,48,0,0.0,0.0,0.6,0.0,3840000.0,3840000,0.0
2026-09-01,South,SO_D01,Pickup,False,0.0,1.0,46000,46000.0,120.0,119,122,112,60,122,0,50,3,2.5210084033613445,2.5210084033613445,0.4098360655737705,0.0,5612000.0,5612000,0.0
2026-09-01,South,SO_D02,SUV,False,0.0,1.0,42000,42000.0,126.0,139,145,156,129,145,0,140,6,4.316546762589928,4.316546762589928,0.9655172413793104,0.0,6090000.0,6090000,0.0
2026-09-01,South,SO_D02,Sedan,False,0.0,1.0,32000,32000.0,67.5,63,63,61,30,63,0,28,0,0.0,0.0,0.4444444444444444,0.0,2016000.0,2016000,0.0
2026-09-01,South,SO_D02,EV,False,0.0,1.0,48000,48000.0,72.25,75,83,79,14,83,0,10,8,10.666666666666668,10.666666666666668,0.12048192771084337,0.0,3984000.0,3984000,0.0
2026-09-01,South,SO_D02,Pickup,False,0.0,1.0,46000,46000.0,120.0,122,120,101,21,120,0,2,-2,-1.639344262295082,1.639344262295082,0.016666666666666666,0.0,5520000.0,5520000,0.0
2026-09-01,Midwest,MW_D01,SUV,False,0.0,1.0,42000,42000.0,120.0,114,107,106,21,107,0,20,-7,-6.140350877192982,6.140350877192982,0.18691588785046728,0.0,4494000.0,4494000,0.0
2026-09-01,Midwest,MW_D01,Sedan,False,0.0,1.0,32000,32000.0,67.5,68,70,74,56,70,0,60,2,2.941176470588235,2.941176470588235,0.8571428571428571,0.0,2240000.0,2240000,0.0
2026-09-01,Midwest,MW_D01,EV,False,0.0,1.0,48000,48000.0,68.0,73,77,83,44,77,0,50,4,5.47945205479452,5.47945205479452,0.6493506493506493,0.0,3696000.0,3696000,0.0
2026-09-01,Midwest,MW_D01,Pickup,True,10.68,1.0855,46000,41085.09,125.0,133,138,156,142,138,0,160,5,3.7593984962406015,3.7593984962406015,1.1594202898550725,10.68749999999999,5669742.42,6348000,678257.5800000001
2026-09-01,Midwest,MW_D02,SUV,False,0.0,1.0,42000,42000.0,120.0,108,122,122,42,122,0,42,14,12.962962962962962,12.962962962962962,0.3442622950819672,0.0,5124000.0,5124000,0.0
2026-09-01,Midwest,MW_D02,Sedan,False,0.0,1.0,32000,32000.0,67.5,67,68,78,53,68,0,63,1,1.4925373134328357,1.4925373134328357,0.9264705882352942,0.0,2176000.0,2176000,0.0
2026-09-01,Midwest,MW_D02,EV,False,0.0,1.0,48000,48000.0,68.0,64,56,59,25,56,0,28,-8,-12.5,12.5,0.5,0.0,2688000.0,2688000,0.0
2026-09-01,Midwest,MW_D02,Pickup,True,9.74,1.0779,46000,41520.63,125.0,132,157,113,193,157,0,149,25,18.939393939393938,18.939393939393938,0.9490445859872612,9.73750000000001,6518738.909999999,7222000,703261.0900000008
2026-09-01,West,WE_D01,SUV,False,0.0,1.0,42000,42000.0,126.0,125,145,94,52,145,0,1,20,16.0,16.0,0.006896551724137931,0.0,6090000.0,6090000,0.0
2026-09-01,West,WE_D01,Sedan,False,0.0,1.0,32000,32000.0,71.25,64,80,64,33,80,0,17,16,25.0,25.0,0.2125,0.0,2560000.0,2560000,0.0
2026-09-01,West,WE_D01,EV,False,0.0,1.0,48000,48000.0,106.25,96,110,93,0,93,17,0,14,14.583333333333334,14.583333333333334,0.0,0.0,4464000.0,4464000,0.0
2026-09-01,West,WE_D01,Pickup,False,0.0,1.0,46000,46000.0,90.0,93,91,106,24,91,0,39,-2,-2.1505376344086025,2.1505376344086025,0.42857142857142855,0.0,4186000.0,4186000,0.0
2026-09-01,West,WE_D02,SUV,False,0.0,1.0,42000,42000.0,126.0,122,123,118,3,121,2,0,1,0.819672131147541,0.819672131147541,0.0,0.0,5082000.0,5082000,0.0
2026-09-01,West,WE_D02,Sedan,False,0.0,1.0,32000,32000.0,71.25,60,80,69,19,80,0,8,20,33.33333333333333,33.33333333333333,0.1,0.0,2560000.0,2560000,0.0
2026-09-01,West,WE_D02,EV,True,5.8,1.0464,48000,45216.59,106.25,116,119,97,184,119,0,162,3,2.586206896551724,2.586206896551724,1.361344537815126,4.93,5380774.21,5712000,331225.79000000004
2026-09-01,West,WE_D02,Pickup,False,0.0,1.0,46000,46000.0,90.0,91,82,106,2,82,0,26,-9,-9.89010989010989,9.89010989010989,0.3170731707317073,0.0,3772000.0,3772000,0.0
2026-10-01,Northeast,NE_D01,SUV,False,0.0,1.0,42000,42000.0,117.6,113,113,111,0,111,2,0,0,0.0,0.0,0.0,0.0,4662000.0,4662000,0.0
2026-10-01,Northeast,NE_D01,Sedan,False,0.0,1.0,32000,32000.0,77.17,71,79,80,26,79,0,27,8,11.267605633802818,11.267605633802818,0.34177215189873417,0.0,2528000.0,2528000,0.0
2026-10-01,Northeast,NE_D01,EV,False,0.0,1.0,48000,48000.0,91.63,96,88,105,73,88,0,90,-8,-8.333333333333332,8.333333333333332,1.0227272727272727,0.0,4224000.0,4224000,0.0
2026-10-01,Northeast,NE_D01,Pickup,True,10.62,1.085,46000,41113.37,78.4,87,90,79,91,90,0,80,3,3.4482758620689653,3.4482758620689653,0.8888888888888888,6.663999999999998,3700203.3000000003,4140000,439796.6999999997
2026-10-01,Northeast,NE_D02,SUV,False,0.0,1.0,42000,42000.0,117.6,134,137,145,9,137,0,17,3,2.2388059701492535,2.2388059701492535,0.12408759124087591,0.0,5754000.0,5754000,0.0
2026-10-01,Northeast,NE_D02,Sedan,False,0.0,1.0,32000,32000.0,77.17,79,90,74,3,77,13,0,11,13.924050632911392,13.924050632911392,0.0,0.0,2464000.0,2464000,0.0
2026-10-01,Northeast,NE_D02,EV,False,0.0,1.0,48000,48000.0,91.63,94,97,102,44,97,0,49,3,3.1914893617021276,3.1914893617021276,0.5051546391752577,0.0,4656000.0,4656000,0.0
2026-10-01,Northeast,NE_D02,Pickup,False,0.0,1.0,46000,46000.0,78.4,78,73,82,37,73,0,46,-5,-6.41025641025641,6.41025641025641,0.6301369863013698,0.0,3358000.0,3358000,0.0
2026-10-01,South,SO_D01,SUV,False,0.0,1.0,42000,42000.0,123.48,130,133,135,68,133,0,70,3,2.307692307692308,2.307692307692308,0.5263157894736842,0.0,5586000.0,5586000,0.0
2026-10-01,South,SO_D01,Sedan,False,0.0,1.0,32000,32000.0,66.15,69,60,67,48,60,0,55,-9,-13.043478260869565,13.043478260869565,0.9166666666666666,0.0,1920000.0,1920000,0.0
2026-10-01,South,SO_D01,EV,False,0.0,1.0,48000,48000.0,70.8,76,68,74,48,68,0,54,-8,-10.526315789473683,10.526315789473683,0.7941176470588235,0.0,3264000.0,3264000,0.0
2026-10-01,South,SO_D01,Pickup,False,0.0,1.0,46000,46000.0,117.6,114,111,114,50,111,0,53,-3,-2.631578947368421,2.631578947368421,0.4774774774774775,0.0,5106000.0,5106000,0.0
2026-10-01,South,SO_D02,SUV,False,0.0,1.0,42000,42000.0,123.48,120,121,91,140,121,0,110,1,0.8333333333333334,0.8333333333333334,0.9090909090909091,0.0,5082000.0,5082000,0.0
2026-10-01,South,SO_D02,Sedan,False,0.0,1.0,32000,32000.0,66.15,64,68,70,28,68,0,30,4,6.25,6.25,0.4411764705882353,0.0,2176000.0,2176000,0.0
2026-10-01,South,SO_D02,EV,False,0.0,1.0,48000,48000.0,70.8,74,77,73,10,77,0,6,3,4.054054054054054,4.054054054054054,0.07792207792207792,0.0,3696000.0,3696000,0.0
2026-10-01,South,SO_D02,Pickup,False,0.0,1.0,46000,46000.0,117.6,128,121,130,2,121,0,11,-7,-5.46875,5.46875,0.09090909090909091,0.0,5566000.0,5566000,0.0
2026-10-01,Midwest,MW_D01,SUV,False,0.0,1.0,42000,42000.0,117.6,114,102,103,20,102,0,21,-12,-10.526315789473683,10.526315789473683,0.20588235294117646,0.0,4284000.0,4284000,0.0
2026-10-01,Midwest,MW_D01,Sedan,False,0.0,1.0,32000,32000.0,66.15,64,70,66,60,70,0,56,6,9.375,9.375,0.8,0.0,2240000.0,2240000,0.0
2026-10-01,Midwest,MW_D01,EV,False,0.0,1.0,48000,48000.0,66.64,68,71,64,50,71,0,43,3,4.411764705882353,4.411764705882353,0.6056338028169014,0.0,3408000.0,3408000,0.0
2026-10-01,Midwest,MW_D01,Pickup,False,0.0,1.0,46000,46000.0,122.5,121,131,139,160,131,0,168,10,8.264462809917356,8.264462809917356,1.282442748091603,0.0,6026000.0,6026000,0.0
2026-10-01,Midwest,MW_D02,SUV,False,0.0,1.0,42000,42000.0,117.6,124,111,106,42,111,0,37,-13,-10.483870967741936,10.483870967741936,0.3333333333333333,0.0,4662000.0,4662000,0.0
2026-10-01,Midwest,MW_D02,Sedan,False,0.0,1.0,32000,32000.0,66.15,57,65,64,63,65,0,62,8,14.035087719298245,14.035087719298245,0.9538461538461539,0.0,2080000.0,2080000,0.0
2026-10-01,Midwest,MW_D02,EV,False,0.0,1.0,48000,48000.0,66.64,63,64,58,28,64,0,22,1,1.5873015873015872,1.5873015873015872,0.34375,0.0,3072000.0,3072000,0.0
2026-10-01,Midwest,MW_D02,Pickup,False,0.0,1.0,46000,46000.0,122.5,117,131,120,149,131,0,138,14,11.965811965811966,11.965811965811966,1.0534351145038168,0.0,6026000.0,6026000,0.0
2026-10-01,West,WE_D01,SUV,False,0.0,1.0,42000,42000.0,123.48,106,105,103,1,104,1,0,-1,-0.9433962264150944,0.9433962264150944,0.0,0.0,4368000.0,4368000,0.0
2026-10-01,West,WE_D01,Sedan,False,0.0,1.0,32000,32000.0,69.83,66,67,59,17,67,0,9,1,1.5151515151515151,1.5151515151515151,0.13432835820895522,0.0,2144000.0,2144000,0.0
2026-10-01,West,WE_D01,EV,False,0.0,1.0,48000,48000.0,104.12,98,115,77,0,77,38,0,17,17.346938775510203,17.346938775510203,0.0,0.0,3696000.0,3696000,0.0
2026-10-01,West,WE_D01,Pickup,False,0.0,1.0,46000,46000.0,88.2,87,85,93,39,85,0,47,-2,-2.2988505747126435,2.2988505747126435,0.5529411764705883,0.0,3910000.0,3910000,0.0
2026-10-01,West,WE_D02,SUV,False,0.0,1.0,42000,42000.0,123.48,132,137,108,0,108,29,0,5,3.787878787878788,3.787878787878788,0.0,0.0,4536000.0,4536000,0.0
2026-10-01,West,WE_D02,Sedan,False,0.0,1.0,32000,32000.0,69.83,69,74,65,8,73,1,0,5,7.246376811594203,7.246376811594203,0.0,0.0,2336000.0,2336000,0.0
2026-10-01,West,WE_D02,EV,False,0.0,1.0,48000,48000.0,104.12,98,88,110,162,88,0,184,-10,-10.204081632653061,10.204081632653061,2.090909090909091,0.0,4224000.0,4224000,0.0
2026-10-01,West,WE_D02,Pickup,False,0.0,1.0,46000,46000.0,88.2,88,82,99,26,82,0,43,-6,-6.8181818181818175,6.8181818181818175,0.524390243902439,0.0,3772000.0,3772000,0.0
2026-11-01,Northeast,NE_D01,SUV,False,0.0,1.0,42000,42000.0,122.4,130,141,133,0,133,8,0,11,8.461538461538462,8.461538461538462,0.0,0.0,5586000.0,5586000,0.0
2026-11-01,Northeast,NE_D01,Sedan,False,0.0,1.0,32000,32000.0,80.33,76,69,63,27,69,0,21,-7,-9.210526315789473,9.210526315789473,0.30434782608695654,0.0,2208000.0,2208000,0.0
2026-11-01,Northeast,NE_D01,EV,True,8.51,1.0681,48000,43916.02,95.37,96,97,94,90,97,0,87,1,1.0416666666666665,1.0416666666666665,0.8969072164948454,6.494697000000005,4259853.9399999995,4656000,396146.0600000005
2026-11-01,Northeast,NE_D01,Pickup,False,0.0,1.0,46000,46000.0,81.6,84,82,84,80,82,0,82,-2,-2.380952380952381,2.380952380952381,1.0,0.0,3772000.0,3772000,0.0
2026-11-01,Northeast,NE_D02,SUV,False,0.0,1.0,42000,42000.0,122.4,121,125,110,17,125,0,2,4,3.3057851239669422,3.3057851239669422,0.016,0.0,5250000.0,5250000,0.0
2026-11-01,Northeast,NE_D02,Sedan,False,0.0,1.0,32000,32000.0,80.33,83,91,93,0,91,0,2,8,9.63855421686747,9.63855421686747,0.02197802197802198,0.0,2912000.0,2912000,0.0
2026-11-01,Northeast,NE_D02,EV,False,0.0,1.0,48000,48000.0,95.37,95,88,96,49,88,0,57,-7,-7.368421052631578,7.368421052631578,0.6477272727272727,0.0,4224000.0,4224000,0.0
2026-11-01,Northeast,NE_D02,Pickup,False,0.0,1.0,46000,46000.0,81.6,85,82,87,46,82,0,51,-3,-3.5294117647058822,3.5294117647058822,0.6219512195121951,0.0,3772000.0,3772000,0.0
2026-11-01,South,SO_D01,SUV,False,0.0,1.0,42000,42000.0,128.52,121,136,119,70,136,0,53,15,12.396694214876034,12.396694214876034,0.3897058823529412,0.0,5712000.0,5712000,0.0
2026-11-01,South,SO_D01,Sedan,False,0.0,1.0,32000,32000.0,68.85,69,67,59,55,67,0,47,-2,-2.898550724637681,2.898550724637681,0.7014925373134329,0.0,2144000.0,2144000,0.0
2026-11-01,South,SO_D01,EV,False,0.0,1.0,48000,48000.0,73.7,73,68,66,54,68,0,52,-5,-6.8493150684931505,6.8493150684931505,0.7647058823529411,0.0,3264000.0,3264000,0.0
2026-11-01,South,SO_D01,Pickup,False,0.0,1.0,46000,46000.0,122.4,113,118,101,53,118,0,36,5,4.424778761061947,4.424778761061947,0.3050847457627119,0.0,5428000.0,5428000,0.0
2026-11-01,South,SO_D02,SUV,False,0.0,1.0,42000,42000.0,128.52,116,116,129,110,116,0,123,0,0.0,0.0,1.0603448275862069,0.0,4872000.0,4872000,0.0
2026-11-01,South,SO_D02,Sedan,False,0.0,1.0,32000,32000.0,68.85,72,69,72,30,69,0,33,-3,-4.166666666666666,4.166666666666666,0.4782608695652174,0.0,2208000.0,2208000,0.0
2026-11-01,South,SO_D02,EV,False,0.0,1.0,48000,48000.0,73.7,72,80,75,6,80,0,1,8,11.11111111111111,11.11111111111111,0.0125,0.0,3840000.0,3840000,0.0
2026-11-01,South,SO_D02,Pickup,False,0.0,1.0,46000,46000.0,122.4,115,117,119,11,117,0,13,2,1.7391304347826086,1.7391304347826086,0.1111111111111111,0.0,5382000.0,5382000,0.0
2026-11-01,Midwest,MW_D01,SUV,False,0.0,1.0,42000,42000.0,122.4,122,129,126,21,129,0,18,7,5.737704918032787,5.737704918032787,0.13953488372093023,0.0,5418000.0,5418000,0.0
2026-11-01,Midwest,MW_D01,Sedan,False,0.0,1.0,32000,32000.0,68.85,74,58,86,56,58,0,84,-16,-21.62162162162162,21.62162162162162,1.4482758620689655,0.0,1856000.0,1856000,0.0
2026-11-01,Midwest,MW_D01,EV,False,0.0,1.0,48000,48000.0,69.36,60,59,65,43,59,0,49,-1,-1.6666666666666667,1.6666666666666667,0.8305084745762712,0.0,2832000.0,2832000,0.0
2026-11-01,Midwest,MW_D01,Pickup,False,0.0,1.0,46000,46000.0,127.5,116,140,118,168,140,0,146,24,20.689655172413794,20.689655172413794,1.042857142857143,0.0,6440000.0,6440000,0.0
2026-11-01,Midwest,MW_D02,SUV,False,0.0,1.0,42000,42000.0,122.4,116,121,117,37,121,0,33,5,4.310344827586207,4.310344827586207,0.2727272727272727,0.0,5082000.0,5082000,0.0
2026-11-01,Midwest,MW_D02,Sedan,False,0.0,1.0,32000,32000.0,68.85,75,71,85,62,71,0,76,-4,-5.333333333333334,5.333333333333334,1.0704225352112675,0.0,2272000.0,2272000,0.0
2026-11-01,Midwest,MW_D02,EV,False,0.0,1.0,48000,48000.0,69.36,71,61,58,22,61,0,19,-10,-14.084507042253522,14.084507042253522,0.3114754098360656,0.0,2928000.0,2928000,0.0
2026-11-01,Midwest,MW_D02,Pickup,False,0.0,1.0,46000,46000.0,127.5,133,118,150,138,118,0,170,-15,-11.278195488721805,11.278195488721805,1.4406779661016949,0.0,5428000.0,5428000,0.0
2026-11-01,West,WE_D01,SUV,False,0.0,1.0,42000,42000.0,128.52,120,141,113,0,113,28,0,21,17.5,17.5,0.0,0.0,4746000.0,4746000,0.0
2026-11-01,West,WE_D01,Sedan,False,0.0,1.0,32000,32000.0,72.67,68,72,71,9,72,0,8,4,5.88235294117647,5.88235294117647,0.1111111111111111,0.0,2304000.0,2304000,0.0
2026-11-01,West,WE_D01,EV,False,0.0,1.0,48000,48000.0,108.38,111,114,107,0,107,7,0,3,2.7027027027027026,2.7027027027027026,0.0,0.0,5136000.0,5136000,0.0
2026-11-01,West,WE_D01,Pickup,False,0.0,1.0,46000,46000.0,91.8,92,92,91,47,92,0,46,0,0.0,0.0,0.5,0.0,4232000.0,4232000,0.0
2026-11-01,West,WE_D02,SUV,False,0.0,1.0,42000,42000.0,128.52,133,140,129,0,129,11,0,7,5.263157894736842,5.263157894736842,0.0,0.0,5418000.0,5418000,0.0
2026-11-01,West,WE_D02,Sedan,False,0.0,1.0,32000,32000.0,72.67,72,69,45,0,45,24,0,-3,-4.166666666666666,4.166666666666666,0.0,0.0,1440000.0,1440000,0.0
2026-11-01,West,WE_D02,EV,True,7.86,1.0629,48000,44226.67,108.38,117,94,103,184,94,0,193,-23,-19.65811965811966,19.65811965811966,2.0531914893617023,6.817101999999995,4157306.98,4512000,354693.02
2026-11-01,West,WE_D02,Pickup,False,0.0,1.0,46000,46000.0,91.8,93,85,84,43,85,0,42,-8,-8.60215053763441,8.60215053763441,0.49411764705882355,0.0,3910000.0,3910000,0.0
2026-12-01,Northeast,NE_D01,SUV,False,0.0,1.0,42000,42000.0,132.0,138,138,118,0,118,20,0,0,0.0,0.0,0.0,0.0,4956000.0,4956000,0.0
2026-12-01,Northeast,NE_D01,Sedan,False,0.0,1.0,32000,32000.0,86.62,91,88,73,21,88,0,6,-3,-3.296703296703297,3.296703296703297,0.06818181818181818,0.0,2816000.0,2816000,0.0
2026-12-01,Northeast,NE_D01,EV,False,0.0,1.0,48000,48000.0,102.85,93,101,97,87,101,0,83,8,8.60215053763441,8.60215053763441,0.8217821782178217,0.0,4848000.0,4848000,0.0
2026-12-01,Northeast,NE_D01,Pickup,False,0.0,1.0,46000,46000.0,88.0,76,96,67,82,96,0,53,20,26.31578947368421,26.31578947368421,0.5520833333333334,0.0,4416000.0,4416000,0.0
2026-12-01,Northeast,NE_D02,SUV,False,0.0,1.0,42000,42000.0,132.0,140,125,139,2,125,0,16,-15,-10.714285714285714,10.714285714285714,0.128,0.0,5250000.0,5250000,0.0
2026-12-01,Northeast,NE_D02,Sedan,False,0.0,1.0,32000,32000.0,86.62,93,78,103,2,78,0,27,-15,-16.129032258064516,16.129032258064516,0.34615384615384615,0.0,2496000.0,2496000,0.0
2026-12-01,Northeast,NE_D02,EV,False,0.0,1.0,48000,48000.0,102.85,97,110,85,57,110,0,32,13,13.402061855670103,13.402061855670103,0.2909090909090909,0.0,5280000.0,5280000,0.0
2026-12-01,Northeast,NE_D02,Pickup,False,0.0,1.0,46000,46000.0,88.0,78,83,75,51,83,0,43,5,6.41025641025641,6.41025641025641,0.5180722891566265,0.0,3818000.0,3818000,0.0
2026-12-01,South,SO_D01,SUV,False,0.0,1.0,42000,42000.0,138.6,139,141,153,53,141,0,65,2,1.4388489208633095,1.4388489208633095,0.46099290780141844,0.0,5922000.0,5922000,0.0
2026-12-01,South,SO_D01,Sedan,False,0.0,1.0,32000,32000.0,74.25,78,65,74,47,65,0,56,-13,-16.666666666666664,16.666666666666664,0.8615384615384616,0.0,2080000.0,2080000,0.0
2026-12-01,South,SO_D01,EV,False,0.0,1.0,48000,48000.0,79.48,88,70,83,52,70,0,65,-18,-20.454545454545457,20.454545454545457,0.9285714285714286,0.0,3360000.0,3360000,0.0
2026-12-01,South,SO_D01,Pickup,False,0.0,1.0,46000,46000.0,132.0,136,125,105,36,125,0,16,-11,-8.088235294117647,8.088235294117647,0.128,0.0,5750000.0,5750000,0.0
2026-12-01,South,SO_D02,SUV,False,0.0,1.0,42000,42000.0,138.6,136,163,152,123,163,0,112,27,19.852941176470587,19.852941176470587,0.6871165644171779,0.0,6846000.0,6846000,0.0
2026-12-01,South,SO_D02,Sedan,False,0.0,1.0,32000,32000.0,74.25,70,77,67,33,77,0,23,7,10.0,10.0,0.2987012987012987,0.0,2464000.0,2464000,0.0
2026-12-01,South,SO_D02,EV,False,0.0,1.0,48000,48000.0,79.48,80,78,68,1,69,9,0,-2,-2.5,2.5,0.0,0.0,3312000.0,3312000,0.0
2026-12-01,South,SO_D02,Pickup,False,0.0,1.0,46000,46000.0,132.0,130,128,139,13,128,0,24,-2,-1.5384615384615385,1.5384615384615385,0.1875,0.0,5888000.0,5888000,0.0
2026-12-01,Midwest,MW_D01,SUV,False,0.0,1.0,42000,42000.0,132.0,124,134,116,18,134,0,0,10,8.064516129032258,8.064516129032258,0.0,0.0,5628000.0,5628000,0.0
2026-12-01,Midwest,MW_D01,Sedan,True,9.36,1.0749,32000,29004.88,74.25,90,81,88,84,81,0,91,-9,-10.0,10.0,1.123456790123457,5.561324999999997,2349395.2800000003,2592000,242604.71999999974
2026-12-01,Midwest,MW_D01,EV,False,0.0,1.0,48000,48000.0,74.8,83,79,76,49,79,0,46,-4,-4.819277108433735,4.819277108433735,0.5822784810126582,0.0,3792000.0,3792000,0.0
2026-12-01,Midwest,MW_D01,Pickup,False,0.0,1.0,46000,46000.0,137.5,147,160,155,146,160,0,141,13,8.843537414965986,8.843537414965986,0.88125,0.0,7360000.0,7360000,0.0
2026-12-01,Midwest,MW_D02,SUV,False,0.0,1.0,42000,42000.0,132.0,125,128,131,33,128,0,36,3,2.4,2.4,0.28125,0.0,5376000.0,5376000,0.0
2026-12-01,Midwest,MW_D02,Sedan,True,7.08,1.0566,32000,29735.51,74.25,82,95,77,76,95,0,58,13,15.853658536585366,15.853658536585366,0.6105263157894737,4.202549999999999,2824873.4499999997,3040000,215126.55000000028
2026-12-01,Midwest,MW_D02,EV,False,0.0,1.0,48000,48000.0,74.8,78,63,77,19,63,0,33,-15,-19.230769230769234,19.230769230769234,0.5238095238095238,0.0,3024000.0,3024000,0.0
2026-12-01,Midwest,MW_D02,Pickup,True,5.53,1.0443,46000,43454.7,137.5,147,146,167,170,146,0,191,-1,-0.6802721088435374,0.6802721088435374,1.3082191780821917,6.0912500000000005,6344386.199999999,6716000,371613.80000000075
2026-12-01,West,WE_D01,SUV,False,0.0,1.0,42000,42000.0,138.6,149,130,148,0,130,0,18,-19,-12.751677852348994,12.751677852348994,0.13846153846153847,0.0,5460000.0,5460000,0.0
2026-12-01,West,WE_D01,Sedan,False,0.0,1.0,32000,32000.0,78.38,81,82,76,8,82,0,2,1,1.2345679012345678,1.2345679012345678,0.024390243902439025,0.0,2624000.0,2624000,0.0
2026-12-01,West,WE_D01,EV,False,0.0,1.0,48000,48000.0,116.88,122,104,137,0,104,0,33,-18,-14.754098360655737,14.754098360655737,0.3173076923076923,0.0,4992000.0,4992000,0.0
2026-12-01,West,WE_D01,Pickup,False,0.0,1.0,46000,46000.0,99.0,103,92,94,46,92,0,48,-11,-10.679611650485436,10.679611650485436,0.5217391304347826,0.0,4232000.0,4232000,0.0
2026-12-01,West,WE_D02,SUV,False,0.0,1.0,42000,42000.0,138.6,141,139,139,0,139,0,0,-2,-1.4184397163120568,1.4184397163120568,0.0,0.0,5838000.0,5838000,0.0
2026-12-01,West,WE_D02,Sedan,False,0.0,1.0,32000,32000.0,78.38,70,70,60,0,60,10,0,0,0.0,0.0,0.0,0.0,1920000.0,1920000,0.0
2026-12-01,West,WE_D02,EV,True,6.63,1.0531,48000,44815.98,116.88,124,154,111,193,154,0,150,30,24.193548387096776,24.193548387096776,0.974025974025974,6.206327999999991,6901660.920000001,7392000,490339.07999999914
2026-12-01,West,WE_D02,Pickup,False,0.0,1.0,46000,46000.0,99.0,96,108,89,42,108,0,23,12,12.5,12.5,0.21296296296296297,0.0,4968000.0,4968000,0.0
